-0.0161494,-0.0061561,-0.150159,-0.014971,-0.170941,0.0557804,-0.0704403,0.119028,0.0596447,0.119398,0.0901024,0.114508,0.151603,0.109397,0.268587,-0.000840046,0.271585,-0.0993121,0.149848,-0.140504,-0.132076,-0.167329,-0.276767,-0.111415,-0.221043,-0.0367647,-0.240584,0.0220995,-0.17829,0.125657,-0.122907,0.144252,0.042371,0.0917154,0.163951,0.0520539,0.172427,0.0288548,-0.0249229,-0.000553326,0,0,0,0,0,0,0,0,0,0,0,0,0,0,0,0,0,0,0,0,0,0,0,0,0,0,0,0,0,0,0,0,0,0,0,0,0,0,0,0,0,0,0,0,0,0,0,0,0,0,0,0,0,0,0,0,0,0,0,0
-0.00975856,-0.00848301,-0.109836,-0.0350576,-0.309457,0.0143216,-0.0856123,0.121122,0.047373,0.256141,0.0588108,0.176715,0.30561,0.0558244,0.333603,-0.0254139,0.211543,-0.098358,0.087797,-0.15991,-0.0578891,-0.147377,-0.225395,-0.0739671,-0.344247,0.0203922,-0.258367,0.0263673,-0.16017,0.120245,-0.0933745,0.143235,0.115841,0.136475,0.277228,0.0648216,0.0154354,0.0102586,-0.0236261,-0.00180103,0,0,0,0,0,0,0,0,0,0,0,0,0,0,0,0,0,0,0,0,0,0,0,0,0,0,0,0,0,0,0,0,0,0,0,0,0,0,0,0,0,0,0,0,0,0,0,0,0,0,0,0,0,0,0,0,0,0,0,0
-0.00986807,-0.00755535,-0.151943,-0.0306417,-0.230449,0.0116353,-0.105577,0.110167,-0.0539309,0.18473,0.102332,0.163506,0.206576,0.118266,0.226313,0.0602826,0.238099,-0.00552664,0.236027,-0.110624,0.0148675,-0.172854,-0.221761,-0.150216,-0.331799,-0.0365383,-0.296238,0.023185,-0.195921,0.120424,-0.132406,0.166001,0.0923784,0.148239,0.246606,0.0612865,0.0904937,0.0264429,-0.0358346,-0.00445044,0,0,0,0,0,0,0,0,0,0,0,0,0,0,0,0,0,0,0,0,0,0,0,0,0,0,0,0,0,0,0,0,0,0,0,0,0,0,0,0,0,0,0,0,0,0,0,0,0,0,0,0,0,0,0,0,0,0,0,0
-0.00395812,0.0015918,-0.0694985,0.00898098,-0.221793,0.0216184,-0.148721,0.115895,-0.0130279,0.164787,0.116116,0.119115,0.163542,0.143779,0.320688,-0.00122625,0.320936,-0.0968021,0.136504,-0.165271,-0.0619002,-0.184255,-0.219148,-0.138978,-0.37321,-0.00857292,-0.312167,0.0758686,-0.155561,0.158879,-0.12138,0.159839,0.063691,0.111196,0.244668,0.0387759,0.163888,0.0444807,-0.0317116,0.00274128,0,0,0,0,0,0,0,0,0,0,0,0,0,0,0,0,0,0,0,0,0,0,0,0,0,0,0,0,0,0,0,0,0,0,0,0,0,0,0,0,0,0,0,0,0,0,0,0,0,0,0,0,0,0,0,0,0,0,0,0
-0.0119211,8.83E-05,-0.174726,0.00487427,-0.260229,0.0583034,-0.0615321,0.077043,0.0545239,0.150469,0.0684479,0.249769,0.239162,0.145859,0.33804,-0.0492687,0.31442,-0.128315,0.0945517,-0.17004,-0.155318,-0.163976,-0.335067,-0.0746828,-0.335263,0.0277286,-0.261591,0.0427082,-0.0868826,0.104918,-0.0344079,0.129432,0.0836532,0.12936,0.220703,0.089525,0.0423708,0.00555807,-0.0289618,-0.00268867,0,0,0,0,0,0,0,0,0,0,0,0,0,0,0,0,0,0,0,0,0,0,0,0,0,0,0,0,0,0,0,0,0,0,0,0,0,0,0,0,0,0,0,0,0,0,0,0,0,0,0,0,0,0,0,0,0,0,0,0
-0.0451795,-0.00429079,-0.220225,-0.0252864,-0.175702,0.0511418,-0.0965685,0.148878,0.00778821,0.184268,0.136926,0.14138,0.154838,0.151369,0.260526,0.060532,0.354734,-0.0995996,0.244042,-0.15863,-0.0234185,-0.236489,-0.254832,-0.229167,-0.355975,-0.0978344,-0.318367,0.0484824,-0.159779,0.134071,-0.125977,0.239761,0.0486102,0.191421,0.286253,0.0569683,0.0772939,0.0130794,-0.0421529,-0.00155321,0,0,0,0,0,0,0,0,0,0,0,0,0,0,0,0,0,0,0,0,0,0,0,0,0,0,0,0,0,0,0,0,0,0,0,0,0,0,0,0,0,0,0,0,0,0,0,0,0,0,0,0,0,0,0,0,0,0,0,0
-0.000638483,0.00131426,-0.0740343,-0.0125694,-0.312119,-0.00658847,-0.313712,0.130184,-0.0461052,0.334644,0.214324,0.29909,0.247143,0.102715,0.334432,-0.0153953,0.444531,-0.116495,0.282872,-0.23319,-0.044539,-0.274741,-0.34229,-0.236739,-0.397563,-0.108057,-0.276694,-0.0271864,-0.289888,0.0722936,-0.258067,0.223459,-0.072605,0.265976,0.227379,0.169749,0.268318,0.0449499,0.102499,-0.0144154,0,0,0,0,0,0,0,0,0,0,0,0,0,0,0,0,0,0,0,0,0,0,0,0,0,0,0,0,0,0,0,0,0,0,0,0,0,0,0,0,0,0,0,0,0,0,0,0,0,0,0,0,0,0,0,0,0,0,0,0
-0.0332367,-0.00744919,-0.0685024,-0.0218722,-0.22955,-0.00454536,-0.295206,0.100197,-0.122044,0.257932,0.186231,0.291576,0.33751,0.169476,0.431778,-0.0709762,0.427063,-0.206116,0.0406875,-0.225826,-0.250575,-0.259251,-0.479777,-0.102103,-0.473252,0.0948405,-0.264822,0.269918,-0.0586404,0.234645,0.180847,0.122255,0.260892,0.0132991,0.102324,0.0137657,-0.0430577,-0.00157397,-0.000968307,0.000112199,0,0,0,0,0,0,0,0,0,0,0,0,0,0,0,0,0,0,0,0,0,0,0,0,0,0,0,0,0,0,0,0,0,0,0,0,0,0,0,0,0,0,0,0,0,0,0,0,0,0,0,0,0,0,0,0,0,0,0,0
-0.0582852,-0.00556523,-0.208156,0.0261628,-0.259137,0.176751,-0.183696,0.288244,0.0817139,0.26335,0.296033,0.189296,0.458375,0.0361977,0.539167,-0.162135,0.349906,-0.242438,0.0580052,-0.26613,-0.161049,-0.246414,-0.497733,-0.0972259,-0.585423,0.0153487,-0.402129,0.1286,-0.28887,0.282282,-0.0775341,0.284557,0.325978,0.159313,0.426384,0.0813261,0.0772135,0.0258001,-0.0588655,-0.00805088,0,0,0,0,0,0,0,0,0,0,0,0,0,0,0,0,0,0,0,0,0,0,0,0,0,0,0,0,0,0,0,0,0,0,0,0,0,0,0,0,0,0,0,0,0,0,0,0,0,0,0,0,0,0,0,0,0,0,0,0
-0.00191913,7.84E-05,-0.152617,-0.0116396,-0.224413,0.0818103,-0.109414,0.218713,-0.0295555,0.197031,0.0942131,0.182801,0.290563,0.0707971,0.514376,-0.132815,0.398082,-0.203001,0.0847424,-0.212903,-0.131392,-0.235961,-0.451349,-0.110053,-0.615977,0.0396665,-0.423482,0.189553,-0.207009,0.329569,0.104927,0.2854,0.3839,0.0650481,0.302315,-0.0298097,-0.0519482,0.0100861,-0.01814,-3.62E-05,0,0,0,0,0,0,0,0,0,0,0,0,0,0,0,0,0,0,0,0,0,0,0,0,0,0,0,0,0,0,0,0,0,0,0,0,0,0,0,0,0,0,0,0,0,0,0,0,0,0,0,0,0,0,0,0,0,0,0,0
-0.0250129,-0.0163036,-0.176981,-0.0284263,-0.235013,0.106019,-0.050645,0.200082,-0.0374715,0.178021,0.0662305,0.193787,0.217982,0.179153,0.440032,0.0679253,0.506589,-0.118649,0.272723,-0.231408,-0.0248361,-0.226729,-0.411502,-0.135656,-0.626579,0.0117039,-0.490548,0.145037,-0.27068,0.251316,-0.0916608,0.23725,0.188084,0.119613,0.353728,0.0336537,0.220177,0.0649064,-0.0302157,0.0115571,0,0,0,0,0,0,0,0,0,0,0,0,0,0,0,0,0,0,0,0,0,0,0,0,0,0,0,0,0,0,0,0,0,0,0,0,0,0,0,0,0,0,0,0,0,0,0,0,0,0,0,0,0,0,0,0,0,0,0,0
-0.00560132,-0.00312946,-0.101241,-0.0225318,-0.323213,-0.00482533,-0.0517573,0.180958,0.0384233,0.266046,0.109332,0.14776,0.157205,0.0692105,0.338745,0.0334756,0.427527,-0.161293,0.17264,-0.277149,-0.0529627,-0.289352,-0.449832,-0.116098,-0.486391,0.0695834,-0.383287,0.231144,-0.249198,0.261219,0.102906,0.180834,0.306458,0.059723,0.281471,0.0474104,-0.0368858,0.00358897,-0.0124883,-0.00382421,0,0,0,0,0,0,0,0,0,0,0,0,0,0,0,0,0,0,0,0,0,0,0,0,0,0,0,0,0,0,0,0,0,0,0,0,0,0,0,0,0,0,0,0,0,0,0,0,0,0,0,0,0,0,0,0,0,0,0,0
-0.00433665,0.00247493,-0.100106,0.00843451,-0.274013,0.0722682,-0.215331,0.173732,0.0566812,0.187046,0.14583,0.176086,0.292313,0.0988968,0.454258,-0.0778761,0.384179,-0.153575,0.0935934,-0.236444,-0.143144,-0.271281,-0.268165,-0.173096,-0.50577,0.0243281,-0.559772,0.155642,-0.323948,0.198241,-0.0936101,0.269959,0.144414,0.265119,0.286097,0.115503,0.275302,-0.033061,0.0529908,-0.0397828,0,0,0,0,0,0,0,0,0,0,0,0,0,0,0,0,0,0,0,0,0,0,0,0,0,0,0,0,0,0,0,0,0,0,0,0,0,0,0,0,0,0,0,0,0,0,0,0,0,0,0,0,0,0,0,0,0,0,0,0
-0.0356207,-0.000839514,-0.137757,0.00486838,-0.304475,0.147215,-0.147933,0.243256,0.0688879,0.183828,0.243407,0.10571,0.414,0.0547508,0.478082,-0.0450556,0.230329,-0.175932,-0.033206,-0.277881,-0.248971,-0.267809,-0.422487,-0.0972355,-0.411875,0.129739,-0.33025,0.182984,-0.186716,0.209559,-0.0450619,0.20322,0.241066,0.081882,0.378569,0.0452676,0.0401772,0.0365221,-0.0419604,-0.00748576,0,0,0,0,0,0,0,0,0,0,0,0,0,0,0,0,0,0,0,0,0,0,0,0,0,0,0,0,0,0,0,0,0,0,0,0,0,0,0,0,0,0,0,0,0,0,0,0,0,0,0,0,0,0,0,0,0,0,0,0
0.000305331,-0.0013619,-0.108813,-0.0357473,-0.260513,0.0663092,-0.158682,0.260399,-0.0176912,0.264823,0.147685,0.122037,0.35749,0.0659291,0.460552,-0.157497,0.330837,-0.249801,-0.014901,-0.241373,-0.295538,-0.153959,-0.493094,-0.00995318,-0.438991,0.0701168,-0.32403,0.225633,-0.137739,0.284458,0.245247,0.205283,0.280598,0.0794962,0.161593,-0.0136323,-0.0328261,-0.00102542,-0.0109013,0.00224076,0,0,0,0,0,0,0,0,0,0,0,0,0,0,0,0,0,0,0,0,0,0,0,0,0,0,0,0,0,0,0,0,0,0,0,0,0,0,0,0,0,0,0,0,0,0,0,0,0,0,0,0,0,0,0,0,0,0,0,0
-0.0184699,-0.00290995,-0.147517,-0.0019211,-0.199086,0.0824007,-0.147441,0.205593,-0.0035422,0.241523,0.146418,0.143782,0.344453,0.0603559,0.405106,-0.0727607,0.331808,-0.196434,0.0386278,-0.311184,-0.257339,-0.265231,-0.433562,-0.0589172,-0.424107,0.0756317,-0.343237,0.197586,-0.205715,0.223142,0.039126,0.139132,0.224079,0.0868483,0.24999,0.0879678,0.102104,0.029501,-0.0312951,-0.00728394,0,0,0,0,0,0,0,0,0,0,0,0,0,0,0,0,0,0,0,0,0,0,0,0,0,0,0,0,0,0,0,0,0,0,0,0,0,0,0,0,0,0,0,0,0,0,0,0,0,0,0,0,0,0,0,0,0,0,0,0
-0.00536924,0.00210305,-0.0643003,-0.0088991,-0.177909,0.0517314,-0.15349,0.135588,0.0238796,0.152518,0.092359,0.173166,0.179289,0.122037,0.357914,-0.0352124,0.426544,-0.206234,0.0686956,-0.275579,-0.337056,-0.213909,-0.478619,-0.0321847,-0.354074,0.0487314,-0.204622,0.222121,-0.149936,0.295075,0.114036,0.145035,0.2377,0.0204981,0.207514,0.0135401,-0.016215,0.00825759,-0.0135478,-0.00350676,0,0,0,0,0,0,0,0,0,0,0,0,0,0,0,0,0,0,0,0,0,0,0,0,0,0,0,0,0,0,0,0,0,0,0,0,0,0,0,0,0,0,0,0,0,0,0,0,0,0,0,0,0,0,0,0,0,0,0,0
-0.00694822,0.00123907,-0.0324818,-0.0079077,-0.18572,-0.00290313,-0.317101,0.0781355,-0.292934,0.14562,0.00718502,0.313234,0.288132,0.329212,0.268983,0.115311,0.548891,-0.203956,0.502235,-0.157969,0.127556,-0.219486,-0.203717,-0.383863,-0.492818,-0.0864351,-0.436596,0.041748,-0.288006,0.0616977,-0.255462,0.270299,0.00726565,0.313031,0.220078,0.155438,0.277254,0.0213516,0.0816405,0.0026176,0,0,0,0,0,0,0,0,0,0,0,0,0,0,0,0,0,0,0,0,0,0,0,0,0,0,0,0,0,0,0,0,0,0,0,0,0,0,0,0,0,0,0,0,0,0,0,0,0,0,0,0,0,0,0,0,0,0,0,0
-0.0541074,-0.00984849,-0.188501,0.012829,-0.335836,0.101985,-0.0735498,0.239582,0.0742572,0.288127,0.112332,0.181235,0.447498,0.00626005,0.544594,-0.139133,0.363628,-0.231125,0.0112834,-0.284438,-0.290869,-0.223063,-0.386717,-0.130788,-0.356231,-0.0550037,-0.313331,0.100726,-0.264982,0.254617,-0.100617,0.265112,0.143272,0.149902,0.301483,0.0241335,0.135075,-0.00286652,-0.045346,0.00145063,0,0,0,0,0,0,0,0,0,0,0,0,0,0,0,0,0,0,0,0,0,0,0,0,0,0,0,0,0,0,0,0,0,0,0,0,0,0,0,0,0,0,0,0,0,0,0,0,0,0,0,0,0,0,0,0,0,0,0,0
-0.00327085,6.25E-05,-0.136406,-0.00695195,-0.334553,0.108979,-0.202253,0.269091,0.0629334,0.217834,0.156666,0.174761,0.464754,0.0138738,0.52654,-0.130519,0.244726,-0.215937,0.103588,-0.29002,-0.278253,-0.255573,-0.478453,-0.0398903,-0.455829,0.141618,-0.307306,0.252419,-0.159648,0.287134,0.11192,0.175492,0.343086,0.0460388,0.181458,0.0139612,-0.0437128,-0.000458498,-0.00744203,0.00056582,0,0,0,0,0,0,0,0,0,0,0,0,0,0,0,0,0,0,0,0,0,0,0,0,0,0,0,0,0,0,0,0,0,0,0,0,0,0,0,0,0,0,0,0,0,0,0,0,0,0,0,0,0,0,0,0,0,0,0,0
-0.00855017,-0.00115871,-0.116597,-0.0224834,-0.27028,0.105706,-0.191835,0.178894,-0.0185383,0.240561,0.163799,0.213607,0.338794,0.0297233,0.510164,-0.102807,0.359533,-0.23244,0.0569081,-0.327356,-0.315612,-0.280794,-0.501075,-0.0586176,-0.42024,0.0251114,-0.299311,0.176928,-0.18924,0.316637,0.0304717,0.249099,0.24246,0.0754834,0.247281,0.023421,0.0797645,0.00150848,-0.0361701,0.000187438,0,0,0,0,0,0,0,0,0,0,0,0,0,0,0,0,0,0,0,0,0,0,0,0,0,0,0,0,0,0,0,0,0,0,0,0,0,0,0,0,0,0,0,0,0,0,0,0,0,0,0,0,0,0,0,0,0,0,0,0
-0.00410588,0.00165556,-0.133423,0.00263935,-0.290131,0.0577032,-0.143746,0.130332,-0.0452643,0.258969,0.226,0.23197,0.280664,0.0799565,0.267893,-0.000976629,0.341774,-0.195651,0.216741,-0.341209,-0.125636,-0.277786,-0.255808,-0.201332,-0.251226,-0.0608497,-0.312269,0.141434,-0.387766,0.271129,-0.15869,0.181085,0.171787,0.0787796,0.233162,0.0492535,0.171714,0.0694037,0.00366512,0.0133108,0,0,0,0,0,0,0,0,0,0,0,0,0,0,0,0,0,0,0,0,0,0,0,0,0,0,0,0,0,0,0,0,0,0,0,0,0,0,0,0,0,0,0,0,0,0,0,0,0,0,0,0,0,0,0,0,0,0,0,0
-0.0273243,-0.00817353,-0.00795656,0.00172272,-0.00845478,0.00382934,-0.0167868,0.0162268,-0.0242066,0.0947558,-0.0202614,0.164168,0.00111258,0.169675,0.0144444,0.113466,-0.04921,0.0637245,-0.0492934,0.0718477,-0.000985816,0.0957454,0.0339914,0.0611299,0.0173756,-0.0525676,-0.0207589,-0.151575,0.00332952,-0.195013,0.0228034,-0.183282,-0.00844603,-0.167714,-0.0294241,-0.0807336,-0.0129011,0.00805544,-0.00560153,0.0070507,0,0,0,0,0,0,0,0,0,0,0,0,0,0,0,0,0,0,0,0,0,0,0,0,0,0,0,0,0,0,0,0,0,0,0,0,0,0,0,0,0,0,0,0,0,0,0,0,0,0,0,0,0,0,0,0,0,0,0,0
-0.0100152,-0.00502593,-0.011622,0.00294159,-0.0105769,0.00176803,-0.011604,0.00364873,-0.0169618,0.0294839,-0.0430715,0.12708,-0.0121465,0.169774,0.0049701,0.184889,-0.013421,0.179066,0.0139662,0.140414,0.0105202,0.0539134,-0.00492184,-0.0523696,0.0491179,-0.332771,0.0146802,-0.429703,-0.0301245,-0.126202,-0.0113227,0.0494209,-0.006446,-0.00490968,-0.00950784,-0.00902024,-0.00935247,0.00177485,-0.00918349,-0.00226685,0,0,0,0,0,0,0,0,0,0,0,0,0,0,0,0,0,0,0,0,0,0,0,0,0,0,0,0,0,0,0,0,0,0,0,0,0,0,0,0,0,0,0,0,0,0,0,0,0,0,0,0,0,0,0,0,0,0,0,0
-0.00941533,-0.00139969,-0.0116362,0.00280452,-0.0124761,0.00250246,-0.0119561,0.00163403,-0.0160415,0.0454681,-0.022331,0.191262,-0.00917751,0.304911,-0.0489069,0.305996,-0.0679972,0.208743,-0.0222088,0.104867,0.0561365,-0.0650673,0.101497,-0.31388,0.0453599,-0.442327,0.0129882,-0.304063,-0.00233774,-0.0685066,-0.0103521,0.0272224,-0.00964992,-0.000939814,-0.0086483,-0.00747135,-0.00897262,-0.000161751,-0.00919413,-0.00127903,0,0,0,0,0,0,0,0,0,0,0,0,0,0,0,0,0,0,0,0,0,0,0,0,0,0,0,0,0,0,0,0,0,0,0,0,0,0,0,0,0,0,0,0,0,0,0,0,0,0,0,0,0,0,0,0,0,0,0,0
-0.00943235,-0.00181538,-0.0111917,0.00165463,-0.0123801,0.00299916,-0.010504,0.00477822,-0.00606604,0.0534021,-0.0262981,0.172053,-0.026661,0.271952,-0.000358199,0.288736,-0.029711,0.243146,-0.0609991,0.169028,-0.029071,0.0957173,0.0177752,-0.0193291,0.0623925,-0.195312,0.0715778,-0.351478,0.0205737,-0.426551,-0.0671677,-0.291745,-0.055044,-0.0498087,-0.00371613,0.0397652,0.000713511,0.00482901,-0.011024,-0.0121576,0,0,0,0,0,0,0,0,0,0,0,0,0,0,0,0,0,0,0,0,0,0,0,0,0,0,0,0,0,0,0,0,0,0,0,0,0,0,0,0,0,0,0,0,0,0,0,0,0,0,0,0,0,0,0,0,0,0,0,0
-0.0108457,0.00194524,-0.0109245,0.00257145,-0.0121099,0.00159101,-0.0119437,0.00296259,-0.0171035,0.0385539,-0.0240892,0.1728,-0.0156727,0.309266,0.00668416,0.280359,-0.00841293,0.193209,0.0192006,0.110094,0.00968958,-0.109454,0.0338069,-0.384169,-0.0215328,-0.451529,-0.0362104,-0.195715,-0.00502846,0.0100861,-0.00668194,0.0097056,-0.0110209,-0.00938941,-0.00953628,-0.000795025,-0.0093712,-1.55E-05,-0.00951139,-0.00180209,0,0,0,0,0,0,0,0,0,0,0,0,0,0,0,0,0,0,0,0,0,0,0,0,0,0,0,0,0,0,0,0,0,0,0,0,0,0,0,0,0,0,0,0,0,0,0,0,0,0,0,0,0,0,0,0,0,0,0,0
-0.00984488,-0.00104966,-0.0119511,0.00161808,-0.0149495,0.0181874,-0.0239108,0.108411,-0.0113182,0.209385,-0.00468272,0.265703,-0.0632021,0.288885,-0.0637276,0.28701,-0.0424915,0.20208,-0.00497552,-0.0753823,0.09737,-0.440015,0.167091,-0.543817,0.00902582,-0.295235,-0.0655777,-0.0207756,-0.00670512,0.0359743,0.00272679,-0.00503341,-0.0114702,-0.00808166,-0.0107119,0.000700982,-0.00810295,-0.000970904,-0.00873427,-0.00237202,0,0,0,0,0,0,0,0,0,0,0,0,0,0,0,0,0,0,0,0,0,0,0,0,0,0,0,0,0,0,0,0,0,0,0,0,0,0,0,0,0,0,0,0,0,0,0,0,0,0,0,0,0,0,0,0,0,0,0,0
-0.00902842,-0.000661936,-0.00960953,0.00828984,-0.00974729,0.0599346,-0.0361627,0.169077,-0.0444547,0.257992,-0.00731352,0.239311,-0.00325112,0.172729,-0.0154985,0.12266,0.0136244,0.0416075,-0.0221417,-0.0325742,-0.0117973,-0.12225,0.0857188,-0.333171,0.0315229,-0.406152,-0.0900785,-0.209352,-0.0360848,-0.00465921,0.00820014,0.0181319,-0.00679513,-0.0109032,-0.0133596,-0.00826106,-0.00803839,-0.00197159,-0.00459465,-0.0203009,0,0,0,0,0,0,0,0,0,0,0,0,0,0,0,0,0,0,0,0,0,0,0,0,0,0,0,0,0,0,0,0,0,0,0,0,0,0,0,0,0,0,0,0,0,0,0,0,0,0,0,0,0,0,0,0,0,0,0,0
0.0035554,-0.0502801,-0.00909983,-0.00499111,-0.0182951,0.0666741,-0.0450665,0.200765,-0.0474732,0.265839,-0.0141702,0.271473,-0.0290733,0.248703,0.00696521,0.0886256,-0.00201761,-0.144235,0.00780024,-0.266225,0.0355406,-0.295118,0.0219044,-0.268654,-0.0197963,-0.130829,-0.0160933,0.00767984,-0.00527061,0.0100426,-0.00851347,-0.00738132,-0.0101282,-0.00210588,-0.00888782,-0.000373346,-0.00875333,-0.00201864,-0.00864837,-0.00210737,0,0,0,0,0,0,0,0,0,0,0,0,0,0,0,0,0,0,0,0,0,0,0,0,0,0,0,0,0,0,0,0,0,0,0,0,0,0,0,0,0,0,0,0,0,0,0,0,0,0,0,0,0,0,0,0,0,0,0,0
-0.00714025,-0.0165129,-0.0105358,0.00457577,-0.0150427,0.0711463,-0.0371894,0.171194,-0.0489235,0.255699,-0.0284789,0.238768,-0.00533279,0.152737,-0.00815208,0.0956405,-0.0380902,0.00865402,-0.00781179,-0.152672,0.0286967,-0.281522,0.0345776,-0.326313,0.0264089,-0.186425,-0.00958963,-0.00269461,-0.0131239,0.0161414,-0.00713081,-0.00817784,-0.00843026,-0.00295027,-0.00948838,-0.000114994,-0.00911194,-0.00224984,-0.00853849,-0.00197921,0,0,0,0,0,0,0,0,0,0,0,0,0,0,0,0,0,0,0,0,0,0,0,0,0,0,0,0,0,0,0,0,0,0,0,0,0,0,0,0,0,0,0,0,0,0,0,0,0,0,0,0,0,0,0,0,0,0,0,0
-0.00973458,-0.000226734,-0.0121344,0.00258613,-0.0101947,0.00334552,-0.00643591,0.0405478,-0.0530273,0.185149,-0.0641215,0.301429,-0.00863167,0.276943,-0.0158892,0.195145,-0.0180353,0.0177498,0.00890339,-0.154832,0.0268719,-0.225029,0.0451204,-0.313934,0.0405872,-0.260877,0.0126803,-0.117279,-0.0121289,-0.00214654,-0.0102914,0.00871127,-0.00797777,-0.00576392,-0.00951679,-0.00219151,-0.00916778,-0.00100208,-0.0086129,-0.0021493,0,0,0,0,0,0,0,0,0,0,0,0,0,0,0,0,0,0,0,0,0,0,0,0,0,0,0,0,0,0,0,0,0,0,0,0,0,0,0,0,0,0,0,0,0,0,0,0,0,0,0,0,0,0,0,0,0,0,0,0
-0.00933607,-0.000862888,-0.0115893,0.00232437,-0.0116666,0.00316457,-0.00284681,0.0172933,-0.0272844,0.15871,-0.0777193,0.277897,-0.0562985,0.266689,0.0404252,0.139131,0.0220665,0.0264742,-0.0410563,-0.0968128,0.00786026,-0.288157,0.0612774,-0.290414,0.0188951,-0.112472,-0.0122165,-0.04527,-0.00675389,-0.0295508,-0.00762456,-9.08E-05,-0.00918751,0.000597714,-0.0081724,-0.00317462,-0.00838776,-0.00164237,-0.00886293,-0.00167122,0,0,0,0,0,0,0,0,0,0,0,0,0,0,0,0,0,0,0,0,0,0,0,0,0,0,0,0,0,0,0,0,0,0,0,0,0,0,0,0,0,0,0,0,0,0,0,0,0,0,0,0,0,0,0,0,0,0,0,0
-0.00917459,-0.00638878,-0.0116011,-0.000355364,-0.0169416,0.047494,-0.041801,0.173864,-0.0390586,0.241658,-0.0173772,0.238527,-0.0155272,0.180759,-0.0154833,0.0814303,0.0464835,-0.0836345,0.0786914,-0.24125,0.0220124,-0.29915,-0.0470401,-0.242766,-0.0306558,-0.104491,-0.00221073,0.0110689,-0.00840662,0.0033712,-0.0103105,-0.00673524,-0.00789407,-0.000803017,-0.00842832,-0.00129487,-0.00924084,-0.00226221,-0.00889068,-0.00202714,0,0,0,0,0,0,0,0,0,0,0,0,0,0,0,0,0,0,0,0,0,0,0,0,0,0,0,0,0,0,0,0,0,0,0,0,0,0,0,0,0,0,0,0,0,0,0,0,0,0,0,0,0,0,0,0,0,0,0,0
-0.00949013,-0.000839467,-0.0116009,0.00186868,-0.0122753,0.00271736,-0.011168,0.0118891,-0.0189027,0.0881003,-0.0249054,0.173208,-0.0336499,0.245017,-0.0428709,0.295885,-0.021174,0.171697,0.00569542,-0.0453963,0.0461398,-0.159658,0.062643,-0.177147,0.0439049,-0.232716,0.000461365,-0.226947,-0.0342225,-0.121632,-0.0174489,-0.0347864,-0.00336042,-0.0065557,-0.00882816,0.000383925,-0.00930093,-0.0022509,-0.00848778,-0.00201412,0,0,0,0,0,0,0,0,0,0,0,0,0,0,0,0,0,0,0,0,0,0,0,0,0,0,0,0,0,0,0,0,0,0,0,0,0,0,0,0,0,0,0,0,0,0,0,0,0,0,0,0,0,0,0,0,0,0,0,0
-0.00951986,-0.00017268,-0.011622,0.00174797,-0.0141488,0.0137012,-0.0287345,0.0808998,-0.0288188,0.171287,-0.0311939,0.23876,-0.0250454,0.265921,-0.0462692,0.260472,-0.0586675,0.195801,-0.0408545,0.0597953,0.0133267,-0.135067,0.087845,-0.289754,0.106695,-0.355026,0.0185797,-0.294711,-0.0631767,-0.172777,-0.0393329,-0.0414258,-0.000743664,0.0135674,-0.00361188,0.00253732,-0.0119962,-0.00540365,-0.0102526,-0.00192095,0,0,0,0,0,0,0,0,0,0,0,0,0,0,0,0,0,0,0,0,0,0,0,0,0,0,0,0,0,0,0,0,0,0,0,0,0,0,0,0,0,0,0,0,0,0,0,0,0,0,0,0,0,0,0,0,0,0,0,0
-0.00834256,-0.000436786,-0.0114061,0.00144321,-0.0168999,0.032521,-0.0328937,0.151021,-0.0272388,0.249304,-0.0237997,0.274664,-0.0160273,0.224374,0.0029439,0.116186,0.0151638,-0.0159859,0.00691814,-0.146079,0.0386202,-0.306463,0.0331029,-0.331238,-0.0140723,-0.170457,-0.0209751,-0.042536,-0.00877764,0.00443476,-0.00920892,0.0138154,-0.00583927,-0.00264417,-0.00834017,-0.0116029,-0.0101153,-0.00748969,-0.00865813,-0.00548271,0,0,0,0,0,0,0,0,0,0,0,0,0,0,0,0,0,0,0,0,0,0,0,0,0,0,0,0,0,0,0,0,0,0,0,0,0,0,0,0,0,0,0,0,0,0,0,0,0,0,0,0,0,0,0,0,0,0,0,0
-0.0107009,-0.00985954,-0.0125903,-0.00533119,-0.0104074,0.00979839,-0.00542341,0.0806064,-0.0278325,0.213024,-0.0141317,0.277305,-0.0249812,0.252815,-0.0252024,0.155031,-0.00677497,0.0298579,0.00587767,-0.110451,0.000443029,-0.230615,0.0403649,-0.348152,0.0276738,-0.291971,-0.0212393,-0.0862029,-0.0175276,0.0204692,-0.00702147,0.00788665,-0.0091814,-0.010234,-0.00950791,-0.00384647,-0.00926072,-0.000369082,-0.00928514,-0.00168768,0,0,0,0,0,0,0,0,0,0,0,0,0,0,0,0,0,0,0,0,0,0,0,0,0,0,0,0,0,0,0,0,0,0,0,0,0,0,0,0,0,0,0,0,0,0,0,0,0,0,0,0,0,0,0,0,0,0,0,0
-0.00971119,-0.00134119,-0.0119403,0.00151188,-0.0130285,0.00249815,-0.0115014,0.00906539,-0.0362771,0.101488,-0.0685957,0.260273,-0.0320367,0.332259,0.00543013,0.28909,-0.00137041,0.179449,-0.0305936,0.0340696,0.000284334,-0.153363,0.0398404,-0.306953,0.0323473,-0.365249,-0.0156805,-0.294027,-0.0426271,-0.121132,-0.0172157,0.00692988,-0.00473037,0.0145282,-0.00974044,-0.00899418,-0.0114823,-0.00739025,-0.0102175,-0.00021544,0,0,0,0,0,0,0,0,0,0,0,0,0,0,0,0,0,0,0,0,0,0,0,0,0,0,0,0,0,0,0,0,0,0,0,0,0,0,0,0,0,0,0,0,0,0,0,0,0,0,0,0,0,0,0,0,0,0,0,0
-0.0103819,-0.000525353,-0.0115565,0.00129068,-0.0118125,0.00210865,-0.012116,0.00170317,-0.00878918,0.049335,-0.0173228,0.177595,-0.0208544,0.257752,-0.0475476,0.271945,-0.0341058,0.189113,-0.00239926,0.0759919,0.0303449,-0.0885239,0.0523121,-0.215309,0.0332444,-0.338725,-0.0310139,-0.340475,-0.0489387,-0.131433,-0.0061912,0.0225744,-0.0070524,0.0178436,-0.0129435,-0.00688361,-0.0110477,5.26E-05,-0.00791072,-0.00387761,0,0,0,0,0,0,0,0,0,0,0,0,0,0,0,0,0,0,0,0,0,0,0,0,0,0,0,0,0,0,0,0,0,0,0,0,0,0,0,0,0,0,0,0,0,0,0,0,0,0,0,0,0,0,0,0,0,0,0,0
-0.0100803,-0.00363741,-0.0120317,0.0013937,-0.0118184,0.00231072,-0.0118882,0.00193947,-0.0189401,0.0561719,-0.0693152,0.200048,-0.0541342,0.315721,0.00133733,0.30671,0.0299997,0.17546,0.0156547,0.0275493,0.006403,-0.0682226,0.0145624,-0.166,0.0284006,-0.329076,0.0124901,-0.335539,-0.0116044,-0.149235,-0.0123401,-0.0026233,-0.00829855,0.0106372,-0.00891711,-0.00664723,-0.00932143,-0.00327199,-0.00899981,6.01E-05,0,0,0,0,0,0,0,0,0,0,0,0,0,0,0,0,0,0,0,0,0,0,0,0,0,0,0,0,0,0,0,0,0,0,0,0,0,0,0,0,0,0,0,0,0,0,0,0,0,0,0,0,0,0,0,0,0,0,0,0
-0.00996267,-0.000853342,-0.0115094,0.000845804,-0.0123224,0.00433844,-0.0167429,0.0587611,-0.0252133,0.172753,-0.0592098,0.275926,-0.0281391,0.289637,0.00941098,0.227968,0.0137938,0.107528,-0.00826473,-0.0488572,-0.0184343,-0.156943,0.0148147,-0.242629,0.0342205,-0.298082,0.00854155,-0.241799,-0.0188704,-0.138354,-0.00990175,-0.0586471,-0.00270876,-0.0119157,-0.00832004,0.00155698,-0.0107334,-0.00104878,-0.00957462,-0.00272878,0,0,0,0,0,0,0,0,0,0,0,0,0,0,0,0,0,0,0,0,0,0,0,0,0,0,0,0,0,0,0,0,0,0,0,0,0,0,0,0,0,0,0,0,0,0,0,0,0,0,0,0,0,0,0,0,0,0,0,0
-0.00999277,0.00039366,-0.0103751,0.00111359,-0.0134568,-0.0098147,-0.0678603,-0.158857,-0.156903,-0.167796,-0.244752,0.0378499,-0.121265,0.283576,0.0427419,0.37039,0.349335,0.231944,0.292382,0.148407,0.108408,0.00173722,-0.0356132,-0.165952,-0.379871,-0.144256,-0.466158,-0.068904,-0.411957,0.01837,-0.0141258,0.0775645,0.413725,0.00972908,0.255073,0.0165999,0.0138576,0.00569349,-0.0110316,-0.00457397,0,0,0,0,0,0,0,0,0,0,0,0,0,0,0,0,0,0,0,0,0,0,0,0,0,0,0,0,0,0,0,0,0,0,0,0,0,0,0,0,0,0,0,0,0,0,0,0,0,0,0,0,0,0,0,0,0,0,0,0
-0.00870322,0.000355725,0.000804261,-0.0704709,-0.108973,-0.251242,-0.301006,-0.114039,-0.281597,0.20813,-0.0452771,0.456027,0.204276,0.31682,0.539532,0.168965,0.226595,0.19503,0.0130853,-0.0510592,-0.154585,-0.194164,-0.582167,-0.180008,-0.478689,-0.0584698,-0.257975,0.0265901,0.0355306,0.136246,0.454941,-0.00629799,0.187939,0.00239746,0.041058,-0.00727935,-0.0207053,0.00203772,-0.00529978,-0.00371065,0,0,0,0,0,0,0,0,0,0,0,0,0,0,0,0,0,0,0,0,0,0,0,0,0,0,0,0,0,0,0,0,0,0,0,0,0,0,0,0,0,0,0,0,0,0,0,0,0,0,0,0,0,0,0,0,0,0,0,0
0.0131384,-0.00965847,-0.00999399,-0.0558565,-0.0750339,-0.299084,-0.341093,-0.135212,-0.333432,0.227043,-0.003131,0.3742,0.273599,0.316494,0.468872,0.194041,0.30105,0.15203,-0.0568384,0.0232943,-0.0888097,-0.229158,-0.449208,-0.195674,-0.513311,-0.0586587,-0.322232,0.0514784,0.038421,0.0414924,0.268515,0.00346217,0.263304,0.0292371,0.16043,-0.00339688,-0.0481123,0.0118584,0.0024551,-0.00655298,0,0,0,0,0,0,0,0,0,0,0,0,0,0,0,0,0,0,0,0,0,0,0,0,0,0,0,0,0,0,0,0,0,0,0,0,0,0,0,0,0,0,0,0,0,0,0,0,0,0,0,0,0,0,0,0,0,0,0,0
-0.0112789,-0.00158661,0.0284817,-0.120011,-0.208852,-0.276572,-0.372736,-0.106629,-0.309684,0.249332,-0.0865464,0.495397,0.283258,0.415108,0.549206,0.182317,0.397517,0.0812925,0.121356,0.063921,-0.17309,-0.0149421,-0.460373,-0.149775,-0.547737,-0.121187,-0.347431,0.00104959,-0.281959,0.0703824,0.0456095,0.10409,0.380958,0.0283567,0.325097,0.0279757,0.111524,-0.0250627,-0.038437,0.0039093,0,0,0,0,0,0,0,0,0,0,0,0,0,0,0,0,0,0,0,0,0,0,0,0,0,0,0,0,0,0,0,0,0,0,0,0,0,0,0,0,0,0,0,0,0,0,0,0,0,0,0,0,0,0,0,0,0,0,0,0
-0.00242976,-0.00207966,-0.0100219,-0.039001,-0.117662,-0.272214,-0.320873,-0.156955,-0.321391,0.199795,-0.0196031,0.413164,0.296256,0.403281,0.369315,0.200423,0.290966,0.0447801,0.159792,-0.0795099,-0.235418,-0.104268,-0.430596,-0.0613469,-0.332969,-0.0416888,-0.410862,0.0541429,-0.151833,0.069209,0.16046,-0.0142336,0.330504,-0.046177,0.273903,-0.0174741,-0.00701581,0.00103483,-0.00900676,-0.00316173,0,0,0,0,0,0,0,0,0,0,0,0,0,0,0,0,0,0,0,0,0,0,0,0,0,0,0,0,0,0,0,0,0,0,0,0,0,0,0,0,0,0,0,0,0,0,0,0,0,0,0,0,0,0,0,0,0,0,0,0
0.00594765,-0.0377765,-0.120356,-0.241731,-0.290145,-0.111005,-0.282095,0.131961,-0.0626588,0.353111,0.241865,0.423265,0.420698,0.228924,0.330656,0.0856142,0.0984584,-0.0220218,-0.249801,-0.0703424,-0.507731,-0.0677493,-0.390259,-0.0358773,-0.285387,0.047799,-0.0649415,0.0668781,0.179597,-0.00301958,0.299725,-0.0221051,0.179867,0.00684737,0.0152897,0.000197815,-0.0123473,-0.00264196,-0.00766097,-0.0027529,0,0,0,0,0,0,0,0,0,0,0,0,0,0,0,0,0,0,0,0,0,0,0,0,0,0,0,0,0,0,0,0,0,0,0,0,0,0,0,0,0,0,0,0,0,0,0,0,0,0,0,0,0,0,0,0,0,0,0,0
0.00179227,-0.00532015,-0.00582807,-0.0252223,-0.0475779,-0.260608,-0.283788,-0.115305,-0.35498,0.115337,-0.0497756,0.389814,0.228251,0.362012,0.264382,0.199641,0.293431,0.0618504,0.138602,-0.0108283,-0.094485,-0.117044,-0.451715,-0.0921809,-0.393693,-0.0286839,-0.234569,-0.00657909,-0.0187327,0.0895788,0.136266,0.0113477,0.215739,-0.0528937,0.142074,0.0124671,0.0498074,0.0112718,-0.0175284,-0.00401332,0,0,0,0,0,0,0,0,0,0,0,0,0,0,0,0,0,0,0,0,0,0,0,0,0,0,0,0,0,0,0,0,0,0,0,0,0,0,0,0,0,0,0,0,0,0,0,0,0,0,0,0,0,0,0,0,0,0,0,0
-0.0119893,-0.0406642,-0.106685,-0.240969,-0.253953,-0.107148,-0.258964,0.108435,-0.117134,0.310711,0.159024,0.384457,0.292426,0.264263,0.335824,0.100792,0.245935,0.00720012,-0.0469383,-0.0730334,-0.519614,-0.132594,-0.371773,-0.101317,-0.420259,0.0193454,-0.116627,0.118153,0.274357,-0.00616808,0.372451,0.00274128,0.151234,0.0313977,-0.0307721,-0.0140528,0.00442191,-0.00107696,-0.0113561,0.00166892,0,0,0,0,0,0,0,0,0,0,0,0,0,0,0,0,0,0,0,0,0,0,0,0,0,0,0,0,0,0,0,0,0,0,0,0,0,0,0,0,0,0,0,0,0,0,0,0,0,0,0,0,0,0,0,0,0,0,0,0
-0.00945316,-0.00359036,-0.188991,-0.264961,-0.34985,-0.114666,-0.1299,0.345809,0.237618,0.46184,0.284746,0.226301,0.344958,-0.022636,0.0619135,-0.0923141,-0.43692,-0.0653217,-0.482717,-0.0458093,-0.440852,0.0312152,-0.00647086,0.0656176,0.410081,0.0120494,0.320431,0.0111545,-0.0506754,-0.00133046,0.005494,-0.00168063,-0.0123037,-0.00266785,0.0768251,-0.0187193,0.0120303,0.00333812,-0.0432555,-0.00166277,0,0,0,0,0,0,0,0,0,0,0,0,0,0,0,0,0,0,0,0,0,0,0,0,0,0,0,0,0,0,0,0,0,0,0,0,0,0,0,0,0,0,0,0,0,0,0,0,0,0,0,0,0,0,0,0,0,0,0,0
-0.00542378,-0.00710989,-0.0396847,-0.199401,-0.163309,-0.264286,-0.420842,0.0457692,-0.272593,0.372715,0.183018,0.51408,0.417244,0.319384,0.244434,0.154192,0.246736,-0.00347557,0.0690432,-0.117278,-0.332436,-0.102916,-0.603348,-0.0976969,-0.452197,-0.00685587,-0.245646,0.0341805,0.0614197,0.0723852,0.215834,0.0155491,0.253909,0.0154509,0.186789,-0.0134792,0.0562026,-0.00547641,-0.0290771,0.00428563,0,0,0,0,0,0,0,0,0,0,0,0,0,0,0,0,0,0,0,0,0,0,0,0,0,0,0,0,0,0,0,0,0,0,0,0,0,0,0,0,0,0,0,0,0,0,0,0,0,0,0,0,0,0,0,0,0,0,0,0
-0.00843025,-0.00835619,-0.156064,-0.215375,-0.314466,-0.310166,-0.300334,0.078911,-0.154333,0.445665,0.152265,0.550901,0.416618,0.334767,0.39895,0.112865,0.247027,-0.0928674,0.00895466,-0.197712,-0.361942,-0.0604326,-0.551654,0.0248569,-0.505407,0.0496023,-0.3321,0.0344856,-0.0194901,0.0334822,0.311306,0.00868912,0.385035,-0.0118942,0.149959,0.0137541,0.0320274,0.00220593,-0.0132534,-0.0147722,0,0,0,0,0,0,0,0,0,0,0,0,0,0,0,0,0,0,0,0,0,0,0,0,0,0,0,0,0,0,0,0,0,0,0,0,0,0,0,0,0,0,0,0,0,0,0,0,0,0,0,0,0,0,0,0,0,0,0,0
-0.0111588,-0.00267628,-0.0647819,-0.197094,-0.291541,-0.324053,-0.354258,-0.0784112,-0.188614,0.300037,0.0424486,0.545544,0.20652,0.443513,0.351305,0.239601,0.384922,0.107873,0.208821,0.00133104,-0.099676,-0.0964802,-0.439562,-0.144883,-0.509486,-0.121182,-0.482823,-0.00420083,-0.28686,0.0615107,-0.0104798,0.0795617,0.214756,-0.0333766,0.347611,-0.0336313,0.320197,0.000644748,0.0200698,0.00447858,0,0,0,0,0,0,0,0,0,0,0,0,0,0,0,0,0,0,0,0,0,0,0,0,0,0,0,0,0,0,0,0,0,0,0,0,0,0,0,0,0,0,0,0,0,0,0,0,0,0,0,0,0,0,0,0,0,0,0,0
-0.0145565,-0.0561937,-0.0692349,-0.285902,-0.373856,-0.191578,-0.497716,0.171309,-0.0856417,0.556088,0.289505,0.538784,0.494659,0.239527,0.490124,0.0751534,0.196766,0.0447259,-0.102762,-0.0220484,-0.482862,-0.130349,-0.701035,-0.182337,-0.397993,-0.045746,-0.31701,0.0962404,-0.0613086,0.145665,0.399765,0.0265634,0.417944,0.039749,0.12421,-0.00382127,0.0251848,-0.0057834,-0.00875617,0.000945444,0,0,0,0,0,0,0,0,0,0,0,0,0,0,0,0,0,0,0,0,0,0,0,0,0,0,0,0,0,0,0,0,0,0,0,0,0,0,0,0,0,0,0,0,0,0,0,0,0,0,0,0,0,0,0,0,0,0,0,0
-0.0129947,-0.0327761,-0.0993674,-0.308611,-0.347241,-0.196793,-0.360275,0.242279,-0.0407253,0.568337,0.306413,0.48707,0.404106,0.251661,0.341405,0.0175018,0.118442,-0.161084,-0.267454,-0.155632,-0.449069,-0.0832077,-0.463306,-0.0220063,-0.454881,0.0223856,-0.271967,0.0799487,0.10662,0.0825427,0.391468,0.0324846,0.360898,0.0508794,0.144934,0.0303997,-0.0309587,-0.0073826,-0.00168121,-0.00314634,0,0,0,0,0,0,0,0,0,0,0,0,0,0,0,0,0,0,0,0,0,0,0,0,0,0,0,0,0,0,0,0,0,0,0,0,0,0,0,0,0,0,0,0,0,0,0,0,0,0,0,0,0,0,0,0,0,0,0,0
-0.00918075,0.000881037,-0.0054876,-0.0220977,-0.0778926,-0.201214,-0.314024,-0.20892,-0.284665,0.0311568,-0.145978,0.328868,0.0802743,0.540435,0.267435,0.427376,0.343545,0.16468,0.334087,-0.022046,0.0957018,-0.1607,-0.380571,-0.152392,-0.559567,-0.0880375,-0.417281,0.0174005,-0.381868,-0.010517,-0.125895,0.0682734,0.230966,0.0403467,0.4266,0.019618,0.239307,0.0184148,0.0815372,-0.00453648,0,0,0,0,0,0,0,0,0,0,0,0,0,0,0,0,0,0,0,0,0,0,0,0,0,0,0,0,0,0,0,0,0,0,0,0,0,0,0,0,0,0,0,0,0,0,0,0,0,0,0,0,0,0,0,0,0,0,0,0
-0.020636,-0.0116612,-0.0339892,-0.198567,-0.213438,-0.295989,-0.359394,0.00170329,-0.252152,0.429981,0.0307364,0.577176,0.429945,0.322841,0.535731,0.139117,0.310089,0.05863,-0.116123,-0.0202714,-0.674139,-0.210498,-0.546138,-0.188999,-0.409976,0.0150204,-0.173959,0.0766621,0.0818365,0.104707,0.160593,0.0179995,0.289172,-0.000376709,0.259945,0.0425345,0.0588586,-0.000719985,-0.0268731,-0.00420348,0,0,0,0,0,0,0,0,0,0,0,0,0,0,0,0,0,0,0,0,0,0,0,0,0,0,0,0,0,0,0,0,0,0,0,0,0,0,0,0,0,0,0,0,0,0,0,0,0,0,0,0,0,0,0,0,0,0,0,0
-0.00258231,-0.00255021,-0.0531853,-0.198689,-0.39178,-0.259154,-0.436723,0.14858,-0.0882687,0.525723,0.295282,0.472303,0.552309,0.26676,0.383165,0.11709,0.0167518,-0.0970443,-0.386331,-0.156797,-0.607065,-0.190524,-0.475944,-0.0549685,-0.437357,0.0516704,0.0563287,0.0752185,0.41351,0.0254204,0.38297,0.0648976,0.126516,-0.025789,-0.04022,0.00540551,0.000593905,0.00173364,-0.00915583,-0.0066397,0,0,0,0,0,0,0,0,0,0,0,0,0,0,0,0,0,0,0,0,0,0,0,0,0,0,0,0,0,0,0,0,0,0,0,0,0,0,0,0,0,0,0,0,0,0,0,0,0,0,0,0,0,0,0,0,0,0,0,0
-0.00967931,0.00283183,-0.01381,-0.0116969,-0.175274,-0.0768183,-0.358955,-0.00129145,-0.221935,0.276971,0.291995,0.322388,0.706275,0.105284,0.404576,-0.0351568,-0.196823,-0.0680805,-0.797047,-0.044953,-0.482334,0.0350108,-0.026393,0.310816,0.371619,0.268694,0.68634,0.03034,0.240846,-0.0194736,-0.0866493,-0.0402533,-0.395549,-0.0396488,-0.277807,-0.0438102,0.0401136,0.00732542,-0.0218485,-0.00346195,0,0,0,0,0,0,0,0,0,0,0,0,0,0,0,0,0,0,0,0,0,0,0,0,0,0,0,0,0,0,0,0,0,0,0,0,0,0,0,0,0,0,0,0,0,0,0,0,0,0,0,0,0,0,0,0,0,0,0,0
-0.0418809,-0.0565181,-0.444923,-0.010945,-0.0624367,0.427573,0.806523,0.14143,0.247908,-0.0487839,-0.81757,-0.00290709,-0.389417,0.0670163,0.242626,0.226948,0.571981,0.209206,0.219004,-0.0440313,-0.336634,0.00919749,-0.280554,-0.0301381,-0.0039413,-0.00178276,-0.00209011,4.09E-05,-0.00944457,-0.000888513,-0.00945019,-0.000838205,-0.00940638,-0.00114633,-0.01049,-0.00224879,-0.00879999,-0.000878385,-0.013303,-0.0148945,0,0,0,0,0,0,0,0,0,0,0,0,0,0,0,0,0,0,0,0,0,0,0,0,0,0,0,0,0,0,0,0,0,0,0,0,0,0,0,0,0,0,0,0,0,0,0,0,0,0,0,0,0,0,0,0,0,0,0,0
-0.00748606,0.0113795,-0.0112259,-0.000425529,-0.263242,-0.082374,-0.414293,0.0405112,-0.0604267,0.332168,0.529878,0.257439,0.596588,0.0303991,0.197963,-0.0209691,-0.721972,-0.0531507,-0.666661,-0.0546456,-0.178183,0.185962,0.2728,0.371423,0.776968,0.238202,0.290595,0.0465545,-0.00544715,-0.101274,-0.438991,-0.0257639,-0.256516,-0.0531487,-0.0230627,0.00265596,-0.00569012,-0.00254059,-0.00786197,-0.000265942,0,0,0,0,0,0,0,0,0,0,0,0,0,0,0,0,0,0,0,0,0,0,0,0,0,0,0,0,0,0,0,0,0,0,0,0,0,0,0,0,0,0,0,0,0,0,0,0,0,0,0,0,0,0,0,0,0,0,0,0
-0.0146012,-0.0397662,-0.228692,-0.135219,-0.472757,0.117625,-0.134528,0.428036,0.48039,0.265778,0.625415,0.0523278,0.241473,-0.0693776,-0.211858,-0.14395,-0.785443,-0.0203447,-0.435095,0.202478,0.0288523,0.310852,0.458367,0.261044,0.595205,0.0874986,0.183075,0.0124518,-0.18989,-0.079777,-0.314742,-0.0858805,-0.27596,-0.00725731,-0.00728832,0.00431452,-0.00335615,-0.00424876,-0.0132515,5.88E-05,0,0,0,0,0,0,0,0,0,0,0,0,0,0,0,0,0,0,0,0,0,0,0,0,0,0,0,0,0,0,0,0,0,0,0,0,0,0,0,0,0,0,0,0,0,0,0,0,0,0,0,0,0,0,0,0,0,0,0,0
-0.00656723,-0.00714128,-0.122521,-0.133014,-0.503069,-0.0248548,-0.320068,0.375696,0.382608,0.310864,0.794863,0.163042,0.369777,0.0237516,-0.186355,-0.0145599,-0.995104,-0.033451,-0.48151,0.098869,0.0459605,0.293388,0.600955,0.238117,0.67002,0.0958888,0.242511,0.00362978,-0.160989,-0.0990745,-0.399383,-0.001146,-0.303715,-0.013557,0.0164419,0.00643681,-0.0194295,-0.00217983,-0.00807612,0.000100529,0,0,0,0,0,0,0,0,0,0,0,0,0,0,0,0,0,0,0,0,0,0,0,0,0,0,0,0,0,0,0,0,0,0,0,0,0,0,0,0,0,0,0,0,0,0,0,0,0,0,0,0,0,0,0,0,0,0,0,0
-0.0108655,0.00102193,-0.019015,-0.00284391,-0.34713,-0.12441,-0.386105,0.102823,0.041105,0.34892,0.565785,0.241288,0.63419,0.0499634,0.074022,-0.0672989,-0.864813,-0.0213746,-0.590048,-0.0183177,-0.121676,0.226683,0.422751,0.336122,0.702936,0.157585,0.258898,0.052662,-0.08686,-0.0418312,-0.430817,-0.00696257,-0.334663,-0.000647398,0.0446252,-3.46E-06,-0.0189699,-0.000638981,-0.00881058,-0.00169057,0,0,0,0,0,0,0,0,0,0,0,0,0,0,0,0,0,0,0,0,0,0,0,0,0,0,0,0,0,0,0,0,0,0,0,0,0,0,0,0,0,0,0,0,0,0,0,0,0,0,0,0,0,0,0,0,0,0,0,0
-0.0127144,-0.0196002,-0.198886,-0.133541,-0.432631,0.0650294,-0.178592,0.408438,0.569574,0.31649,0.631744,0.0439807,0.252975,-0.0406348,-0.689824,-0.0916749,-0.83191,-0.0723927,-0.180739,0.240111,0.281359,0.42828,0.606399,0.305164,0.336544,0.0827505,0.014906,-0.0756659,-0.221828,-0.0625402,-0.396342,0.0286525,-0.0658497,0.00772948,0.000393186,-0.00710173,-0.00970497,-0.000359066,-0.0114702,-0.0014271,0,0,0,0,0,0,0,0,0,0,0,0,0,0,0,0,0,0,0,0,0,0,0,0,0,0,0,0,0,0,0,0,0,0,0,0,0,0,0,0,0,0,0,0,0,0,0,0,0,0,0,0,0,0,0,0,0,0,0,0
-0.109744,-0.0740483,-0.428597,-0.0527064,-0.257963,0.28835,0.153328,0.359387,0.669262,0.153201,0.554533,-0.00933925,-0.0558913,-0.0554394,-0.977284,0.0306451,-0.534413,0.0774619,-0.0901067,0.300228,0.373207,0.326317,0.743202,0.130558,0.416051,0.0719671,-0.000828376,0.0213974,-0.449128,-0.0311674,-0.362871,0.000589638,-0.0448098,0.0162906,5.32E-05,-0.00649846,-0.00834869,-0.00138703,-0.00990368,-0.00157836,0,0,0,0,0,0,0,0,0,0,0,0,0,0,0,0,0,0,0,0,0,0,0,0,0,0,0,0,0,0,0,0,0,0,0,0,0,0,0,0,0,0,0,0,0,0,0,0,0,0,0,0,0,0,0,0,0,0,0,0
-0.0147492,-0.0116262,-0.219779,-0.0756907,-0.347705,0.0919232,-0.155766,0.286813,0.358708,0.275581,0.691296,0.0825767,0.369155,-0.0234454,-0.303094,0.030134,-0.928634,-0.0189146,-0.365717,0.14599,0.155004,0.287998,0.610452,0.255152,0.495589,0.0886093,0.129908,-0.0314242,-0.173028,-0.00583281,-0.473707,0.0462588,-0.13876,0.0159017,0.0179194,-0.0087473,-0.0110894,-8.64E-05,-0.013825,-0.00234154,0,0,0,0,0,0,0,0,0,0,0,0,0,0,0,0,0,0,0,0,0,0,0,0,0,0,0,0,0,0,0,0,0,0,0,0,0,0,0,0,0,0,0,0,0,0,0,0,0,0,0,0,0,0,0,0,0,0,0,0
-0.0102753,0.00121836,-0.0199214,-0.00202221,-0.271043,-0.032981,-0.333176,0.0826362,0.0507293,0.312539,0.606502,0.231699,0.606121,0.00120409,-0.152138,-0.0194452,-1.06142,-0.0361305,-0.329454,0.128252,0.138685,0.39918,0.751664,0.320985,0.380646,0.130755,-0.0293552,-0.0089574,-0.412585,0.0287971,-0.339669,0.0169398,0.0277041,-0.00406816,-0.00999821,-0.00108562,-0.0112064,-0.00230087,-0.00635367,-0.00208058,0,0,0,0,0,0,0,0,0,0,0,0,0,0,0,0,0,0,0,0,0,0,0,0,0,0,0,0,0,0,0,0,0,0,0,0,0,0,0,0,0,0,0,0,0,0,0,0,0,0,0,0,0,0,0,0,0,0,0,0
-0.066346,-0.0409768,-0.334145,-0.0564707,-0.323342,0.171955,0.00885042,0.358393,0.551353,0.212228,0.648799,0.0417473,0.371693,-0.0289532,-0.515774,0.0642103,-0.961385,0.0161015,-0.455895,0.133601,0.0504896,0.372726,0.506397,0.324637,0.724366,0.152881,0.413029,0.0813756,-0.0493172,0.0730528,-0.493532,0.0320016,-0.482673,-0.0474299,0.0299685,0.00591412,-0.0194142,-0.00419245,-0.00745791,-0.000516973,0,0,0,0,0,0,0,0,0,0,0,0,0,0,0,0,0,0,0,0,0,0,0,0,0,0,0,0,0,0,0,0,0,0,0,0,0,0,0,0,0,0,0,0,0,0,0,0,0,0,0,0,0,0,0,0,0,0,0,0
-0.0124132,0.000542971,-0.124676,-0.0277299,-0.351379,-0.0208337,-0.301706,0.146906,0.13856,0.290031,0.761208,0.25359,0.662377,0.0117253,-0.23965,0.00425378,-1.17801,0.00242445,-0.416442,0.123637,0.0754102,0.369701,0.835129,0.321854,0.531821,0.166604,0.107221,-0.05713,-0.325361,-0.0620117,-0.60079,0.0287927,-0.0120623,0.0674099,0.0212299,-0.00535713,-0.0238853,0.00165646,0.00334442,-0.00411588,0,0,0,0,0,0,0,0,0,0,0,0,0,0,0,0,0,0,0,0,0,0,0,0,0,0,0,0,0,0,0,0,0,0,0,0,0,0,0,0,0,0,0,0,0,0,0,0,0,0,0,0,0,0,0,0,0,0,0,0
-0.0151553,0.00101628,-0.202487,-0.0564824,-0.417502,0.0121312,-0.204151,0.253947,0.388187,0.38304,0.878161,0.171043,0.31091,0.0313631,-1.03899,0.0739972,-0.707323,-0.0111102,-0.183964,0.312723,0.467371,0.504626,0.837946,0.257061,0.26171,0.0381125,-0.160354,-0.0175854,-0.492744,0.0778309,-0.299418,0.0182132,0.0293545,-0.00356171,-0.0179354,-0.0041151,-0.00555727,-0.00204356,-0.0104542,-0.00205332,0,0,0,0,0,0,0,0,0,0,0,0,0,0,0,0,0,0,0,0,0,0,0,0,0,0,0,0,0,0,0,0,0,0,0,0,0,0,0,0,0,0,0,0,0,0,0,0,0,0,0,0,0,0,0,0,0,0,0,0
-0.00873334,-0.0019546,-0.00921071,-0.00181574,-0.0302974,-0.108123,0.0221833,-0.266047,-0.0590696,-0.168375,-0.0207631,0.0951911,-0.0559436,0.32568,0.190864,0.290859,0.271489,0.195668,-0.0680729,0.0703185,-0.287254,-0.0949985,-0.495541,-0.267732,-0.626978,-0.0126603,0.0788484,0.126849,0.492568,0.197487,0.308805,0.0962332,-0.0548957,-0.0145214,0.00439327,0.00193891,-0.0103195,-0.00146179,-0.00583739,-0.000664769,0,0,0,0,0,0,0,0,0,0,0,0,0,0,0,0,0,0,0,0,0,0,0,0,0,0,0,0,0,0,0,0,0,0,0,0,0,0,0,0,0,0,0,0,0,0,0,0,0,0,0,0,0,0,0,0,0,0,0,0
-0.00904925,-0.00125823,-0.0101513,-0.00441612,-0.0234045,-0.0842122,-0.0542013,-0.317242,-0.0560845,-0.202392,0.014714,-0.0140716,0.0223955,0.224532,-0.0397974,0.378476,0.186357,0.258601,0.272182,0.231266,-0.00643635,0.0771938,-0.386602,-0.199243,-0.455962,-0.287214,-0.5992,-0.0183481,-0.0508939,0.124161,0.356902,0.140971,0.365176,0.105674,0.0887637,0.011004,-0.0231734,-0.00584133,-0.00356181,0.00162784,0,0,0,0,0,0,0,0,0,0,0,0,0,0,0,0,0,0,0,0,0,0,0,0,0,0,0,0,0,0,0,0,0,0,0,0,0,0,0,0,0,0,0,0,0,0,0,0,0,0,0,0,0,0,0,0,0,0,0,0
-0.00997263,-0.00171437,-0.00987104,-0.0155408,-0.0243586,-0.101858,-0.0306782,-0.124135,-0.0103599,-0.181772,-0.0644832,-0.0163792,-0.022948,0.165221,0.02405,0.237175,0.0897998,0.231249,0.285953,0.176394,0.0445954,0.0750712,-0.398944,-0.112108,-0.246597,-0.228445,-0.510885,-0.0109011,-0.0586075,0.0321755,0.233792,0.0971807,0.353278,0.127239,0.00285591,-0.000240118,-0.00325237,0.00136359,-0.00929817,-0.00191224,0,0,0,0,0,0,0,0,0,0,0,0,0,0,0,0,0,0,0,0,0,0,0,0,0,0,0,0,0,0,0,0,0,0,0,0,0,0,0,0,0,0,0,0,0,0,0,0,0,0,0,0,0,0,0,0,0,0,0,0
-0.00873477,-0.00192935,-0.0215429,-0.0885454,-0.0200271,-0.219174,-0.0478278,-0.125109,-0.0369283,0.0551896,0.0556132,0.132541,-0.00917195,0.27168,0.156686,0.165265,0.257464,0.137339,-0.0340785,0.0231858,-0.197887,-0.119577,-0.324165,-0.169294,-0.31955,-0.0264914,-0.280979,-0.0125214,-0.0585254,0.0830983,0.300267,0.178357,0.375808,0.0622561,-0.0587961,-0.0088004,0.00349439,0.000597769,-0.00935216,-0.00138261,0,0,0,0,0,0,0,0,0,0,0,0,0,0,0,0,0,0,0,0,0,0,0,0,0,0,0,0,0,0,0,0,0,0,0,0,0,0,0,0,0,0,0,0,0,0,0,0,0,0,0,0,0,0,0,0,0,0,0,0
-0.00937142,-0.00177105,-0.0094226,-0.00179564,-0.000796016,-0.14007,-0.0257511,-0.239248,-0.0826817,-0.106841,-0.0706055,0.0365775,0.0781432,0.199225,0.0362773,0.285448,0.189438,0.239578,0.107637,0.188732,-0.104494,0.00920866,-0.108782,-0.215021,-0.364366,-0.223091,-0.395461,-0.0332286,-0.149532,0.00767356,-0.00987082,0.0982851,0.280176,0.149645,0.282209,0.0388977,-0.0229322,-0.0016875,-0.00191084,0.000595609,0,0,0,0,0,0,0,0,0,0,0,0,0,0,0,0,0,0,0,0,0,0,0,0,0,0,0,0,0,0,0,0,0,0,0,0,0,0,0,0,0,0,0,0,0,0,0,0,0,0,0,0,0,0,0,0,0,0,0,0
-0.0105587,-0.00207372,-0.010223,-0.000468421,-0.0404298,-0.17543,-0.0450683,-0.25447,-0.0459514,-0.0849296,-0.0197325,0.0839845,0.00206197,0.260057,0.0776464,0.251877,0.208654,0.197944,0.119017,0.150261,-0.146035,-0.00601046,-0.257367,-0.232826,-0.288175,-0.173585,-0.349134,-0.0153703,-0.0756655,0.000412555,0.0656886,0.0645432,0.273766,0.147177,0.211211,0.062966,-0.0384327,-0.0106466,0.000200088,0.00133918,0,0,0,0,0,0,0,0,0,0,0,0,0,0,0,0,0,0,0,0,0,0,0,0,0,0,0,0,0,0,0,0,0,0,0,0,0,0,0,0,0,0,0,0,0,0,0,0,0,0,0,0,0,0,0,0,0,0,0,0
-0.0101344,-0.00159573,-0.0100391,-0.00217294,-0.0127576,-0.0310359,-0.0598117,-0.285202,-0.0207036,-0.221101,-0.0320086,-0.0415397,-0.0184091,0.207611,-0.0160058,0.29875,0.101013,0.205622,0.249165,0.240724,0.109444,0.146253,-0.146544,-0.115404,-0.497706,-0.32816,-0.385134,-0.110856,-0.239187,0.0248409,-0.0181472,0.0798706,0.191002,0.162415,0.510447,0.120174,-0.0862418,-0.0143023,0.0148924,0.00497223,0,0,0,0,0,0,0,0,0,0,0,0,0,0,0,0,0,0,0,0,0,0,0,0,0,0,0,0,0,0,0,0,0,0,0,0,0,0,0,0,0,0,0,0,0,0,0,0,0,0,0,0,0,0,0,0,0,0,0,0
-0.00258926,0.0017486,-0.0104831,-0.00218713,-0.0439829,-0.126245,-0.0342858,-0.213964,-0.0299658,-0.123868,-0.0153595,0.0274719,-0.0387169,0.163105,0.0135735,0.179067,0.137726,0.256616,0.197206,0.261244,0.121742,0.0965868,-0.258444,-0.117379,-0.518035,-0.352755,-0.346856,-0.110096,-0.198376,0.0444975,0.237311,0.161655,0.435304,0.134643,-0.0171599,0.00266932,-0.0012719,-0.00163921,-0.0105412,-0.00140984,0,0,0,0,0,0,0,0,0,0,0,0,0,0,0,0,0,0,0,0,0,0,0,0,0,0,0,0,0,0,0,0,0,0,0,0,0,0,0,0,0,0,0,0,0,0,0,0,0,0,0,0,0,0,0,0,0,0,0,0
-0.00395249,0.000768369,-0.0217872,-0.0519812,-0.120953,-0.343068,-0.0276142,-0.167007,0.00415695,0.000580889,-0.0612243,0.220682,0.0691295,0.251496,0.0512199,0.250936,0.203859,0.216043,0.150179,0.126104,-0.136334,-0.0741556,-0.258331,-0.2503,-0.369637,-0.201457,-0.402634,-0.0422225,-0.100227,0.03212,0.110818,0.115245,0.307197,0.143185,0.225845,0.0647978,-0.0390475,-0.0121578,0.00143193,0.00155649,0,0,0,0,0,0,0,0,0,0,0,0,0,0,0,0,0,0,0,0,0,0,0,0,0,0,0,0,0,0,0,0,0,0,0,0,0,0,0,0,0,0,0,0,0,0,0,0,0,0,0,0,0,0,0,0,0,0,0,0
-0.0113387,-0.0023562,-0.029903,-0.0783065,-0.0951904,-0.373325,0.040442,-0.194106,-0.0475768,-0.00841668,-0.100499,0.229083,0.0822817,0.382316,0.162926,0.27787,0.362463,0.223766,0.0627562,0.13684,-0.349083,-0.0964896,-0.597071,-0.368876,-0.42524,-0.165989,-0.335137,0.0542439,0.163036,0.155935,0.467692,0.196577,0.207552,0.0847277,-0.0449351,-0.0219446,0.000106133,0.00213859,-0.00914121,-0.00170063,0,0,0,0,0,0,0,0,0,0,0,0,0,0,0,0,0,0,0,0,0,0,0,0,0,0,0,0,0,0,0,0,0,0,0,0,0,0,0,0,0,0,0,0,0,0,0,0,0,0,0,0,0,0,0,0,0,0,0,0
-0.00830734,-0.00162982,-0.00964154,-0.00340585,-0.086538,-0.221023,-0.0710534,-0.287209,-0.0129066,-0.1227,-0.0334952,0.193884,-0.0582897,0.258605,0.12663,0.241357,0.188348,0.243115,0.258044,0.309873,0.0782159,-0.0162529,-0.604799,-0.275342,-0.581688,-0.233222,-0.39862,-0.0113596,-0.000990909,0.05821,0.423064,0.156172,0.309513,0.109632,-0.0241674,-0.0019382,-0.00127732,0.00131395,-0.00969159,-0.00115977,0,0,0,0,0,0,0,0,0,0,0,0,0,0,0,0,0,0,0,0,0,0,0,0,0,0,0,0,0,0,0,0,0,0,0,0,0,0,0,0,0,0,0,0,0,0,0,0,0,0,0,0,0,0,0,0,0,0,0,0
-0.00871979,0.000248362,-0.0122772,-0.0253161,-0.0742289,-0.301624,-0.0621817,-0.182347,0.0380026,-0.0394591,-0.0244664,0.165964,0.00488929,0.26568,0.0642184,0.245423,0.104623,0.25006,0.247002,0.144802,-0.0299003,-0.0258608,-0.43517,-0.300679,-0.237291,-0.236954,-0.523843,-0.0761432,-0.125216,0.0200805,0.219364,0.0745675,0.381153,0.179767,0.127228,0.0557864,-0.031752,-0.0154555,-0.00123288,0.003671,0,0,0,0,0,0,0,0,0,0,0,0,0,0,0,0,0,0,0,0,0,0,0,0,0,0,0,0,0,0,0,0,0,0,0,0,0,0,0,0,0,0,0,0,0,0,0,0,0,0,0,0,0,0,0,0,0,0,0,0
-0.00444308,-0.000966834,-0.00886021,-0.0296308,-0.0592472,-0.332708,-0.0980862,-0.278123,-0.0163737,-0.00452549,-0.0123365,0.222564,-0.0251815,0.274813,0.0985248,0.234196,0.219317,0.276021,0.287771,0.273284,-0.073591,0.040149,-0.608244,-0.385348,-0.334029,-0.259859,-0.489016,-0.0609134,-0.0308727,0.0555288,0.171881,0.114237,0.327652,0.164379,0.211491,0.111629,-0.0477266,-0.0228605,0.00352652,0.00365954,0,0,0,0,0,0,0,0,0,0,0,0,0,0,0,0,0,0,0,0,0,0,0,0,0,0,0,0,0,0,0,0,0,0,0,0,0,0,0,0,0,0,0,0,0,0,0,0,0,0,0,0,0,0,0,0,0,0,0,0
-0.00596089,0.00180335,-0.0208003,-0.0359413,-0.0508083,-0.315112,-0.0393398,-0.333194,-0.0520117,0.00157322,-0.0594449,0.388187,0.0809855,0.238534,0.203676,0.367029,0.434558,0.341163,-0.143171,0.0672583,-0.676474,-0.466146,-0.691307,-0.380294,-0.265823,0.0491562,0.381322,0.17172,0.443037,0.17077,0.0044573,0.0136893,-0.00666686,-0.00622353,-0.00898041,-0.000458527,-0.00802251,-0.00114787,-0.00840064,-0.00113931,0,0,0,0,0,0,0,0,0,0,0,0,0,0,0,0,0,0,0,0,0,0,0,0,0,0,0,0,0,0,0,0,0,0,0,0,0,0,0,0,0,0,0,0,0,0,0,0,0,0,0,0,0,0,0,0,0,0,0,0
-0.0133176,-0.0170545,-0.0378919,-0.206618,-0.078332,-0.332653,-0.0430033,-0.189181,-0.0310761,0.0496667,-0.0268873,0.312357,0.0321909,0.303037,0.110113,0.306489,0.271817,0.238308,0.247988,0.140589,-0.0139227,0.0505264,-0.444078,-0.10641,-0.406896,-0.322986,-0.559671,-0.151999,-0.270911,-0.0260194,0.116205,0.0560701,0.238177,0.18252,0.412175,0.166971,0.0311734,-0.00079083,-0.0264235,-0.00648443,0,0,0,0,0,0,0,0,0,0,0,0,0,0,0,0,0,0,0,0,0,0,0,0,0,0,0,0,0,0,0,0,0,0,0,0,0,0,0,0,0,0,0,0,0,0,0,0,0,0,0,0,0,0,0,0,0,0,0,0
-0.00714096,-0.00132274,-0.00937118,-0.0050276,-0.0292618,-0.171134,-0.0285497,-0.338426,-0.0779899,-0.0681558,-0.0173238,0.176425,0.0155358,0.271403,0.0672835,0.251076,0.367914,0.247688,0.188725,0.0965057,-0.381853,-0.0860905,-0.667045,-0.304737,-0.396792,-0.0118608,-0.0938457,0.0403995,0.335706,0.0927307,0.352541,0.0910518,0.0265483,-0.0138254,-0.0139216,0.000991289,-0.00698896,-0.00217974,-0.00788136,-0.000644287,0,0,0,0,0,0,0,0,0,0,0,0,0,0,0,0,0,0,0,0,0,0,0,0,0,0,0,0,0,0,0,0,0,0,0,0,0,0,0,0,0,0,0,0,0,0,0,0,0,0,0,0,0,0,0,0,0,0,0,0
-0.00988036,-0.000808896,-0.0105439,0.000146825,0.00726533,0.00840289,0.2641,-0.00045903,0.211219,-0.0600191,0.125349,-0.007345,-0.499166,0.344577,-0.352719,0.309988,0.309954,-0.217811,-0.260761,-0.291053,-0.379811,-0.0997396,-0.35153,0.0973196,0.0658134,0.5167,0.578825,0.277639,0.687865,-0.0394774,0.247357,-0.139058,-0.365109,0.0050326,-0.556881,0.037811,-0.0321222,0.0180779,0.00421968,-0.0114183,0,0,0,0,0,0,0,0,0,0,0,0,0,0,0,0,0,0,0,0,0,0,0,0,0,0,0,0,0,0,0,0,0,0,0,0,0,0,0,0,0,0,0,0,0,0,0,0,0,0,0,0,0,0,0,0,0,0,0,0
-0.00832291,-0.00104086,0.0594256,0.0192929,0.501599,0.00160616,0.0417373,-0.0795589,-0.429384,0.156268,-0.120947,0.386744,0.0573965,-0.0526324,-0.333883,-0.427554,-0.459054,-0.121133,-0.277292,0.296923,0.217522,0.368547,0.636714,0.219399,0.542549,0.0470647,0.201262,-0.120367,-0.440692,-0.0150876,-0.504201,0.0429885,0.0730386,-0.00879042,-0.0266984,-0.00470996,-0.00515126,-0.00106202,-0.0134388,-0.00217679,0,0,0,0,0,0,0,0,0,0,0,0,0,0,0,0,0,0,0,0,0,0,0,0,0,0,0,0,0,0,0,0,0,0,0,0,0,0,0,0,0,0,0,0,0,0,0,0,0,0,0,0,0,0,0,0,0,0,0,0
-0.0335447,-0.0132198,-0.00408258,0.00445836,0.313087,0.0357802,0.637318,-0.093046,-0.444053,-0.0210614,-0.426612,0.363155,0.175148,0.355337,-0.11474,-0.407153,-0.473144,-0.301094,-0.637846,-0.0747339,-0.148747,0.203247,0.462225,0.712699,1.04653,0.252099,0.526686,-0.0856195,-0.365406,0.00599127,-0.868613,0.0473042,0.0595169,-0.0225964,-0.0266835,0.00257881,-0.00810151,-0.00130264,-0.00884137,-0.00584844,0,0,0,0,0,0,0,0,0,0,0,0,0,0,0,0,0,0,0,0,0,0,0,0,0,0,0,0,0,0,0,0,0,0,0,0,0,0,0,0,0,0,0,0,0,0,0,0,0,0,0,0,0,0,0,0,0,0,0,0
-0.059913,-0.00930584,-0.000566108,0.00165391,0.00212058,0.0100638,0.396801,0.0269982,0.499726,0.000422643,-0.563218,-0.0565428,-0.307418,0.443004,0.0329702,0.347524,-0.121769,-0.512395,-0.466365,-0.260136,-0.61644,0.0797989,-0.0900588,0.362899,0.537396,0.445965,1.04192,0.178451,0.48645,-0.0269512,-0.257529,-0.00475932,-0.783311,0.053248,-0.217526,-0.00570371,0.0452983,-0.00631135,-0.0417608,-0.00668161,0,0,0,0,0,0,0,0,0,0,0,0,0,0,0,0,0,0,0,0,0,0,0,0,0,0,0,0,0,0,0,0,0,0,0,0,0,0,0,0,0,0,0,0,0,0,0,0,0,0,0,0,0,0,0,0,0,0,0,0
-0.0494731,-0.00919201,-0.0141343,0.00423044,0.0408199,0.00435838,0.719207,0.0468433,0.301839,-0.0990113,-0.850946,0.210189,0.0388133,0.714852,-0.0543572,-0.285784,-0.642679,-0.474761,-0.741095,0.00469766,-0.241697,0.610037,0.894082,0.619596,1.40927,0.100247,0.141443,-0.03624,-0.934837,0.111235,-0.46185,0.101082,0.0693362,-0.00286709,0.0046689,-0.0255343,-0.0117371,-0.00297878,-0.0105994,-0.000899037,0,0,0,0,0,0,0,0,0,0,0,0,0,0,0,0,0,0,0,0,0,0,0,0,0,0,0,0,0,0,0,0,0,0,0,0,0,0,0,0,0,0,0,0,0,0,0,0,0,0,0,0,0,0,0,0,0,0,0,0
-0.0105669,-0.001066,0.00837497,0.015478,0.295725,-0.00721539,0.292831,0.0040618,-0.0788042,0.0333945,-0.612179,0.221736,0.176961,0.2055,-0.0218565,0.029183,-0.208638,-0.45836,-0.500235,-0.114096,-0.242406,0.160464,0.0922617,0.446851,0.565489,0.326988,0.584242,0.077132,0.123624,-0.0147206,-0.588157,0.0380792,-0.261986,-0.0225575,0.0207787,0.00172028,-0.0236967,0.00095177,-0.00511995,-0.00258363,0,0,0,0,0,0,0,0,0,0,0,0,0,0,0,0,0,0,0,0,0,0,0,0,0,0,0,0,0,0,0,0,0,0,0,0,0,0,0,0,0,0,0,0,0,0,0,0,0,0,0,0,0,0,0,0,0,0,0,0
-0.0110031,-0.00198183,-0.0100246,0.000904457,0.0510216,0.0133185,0.56668,0.0101669,0.243646,-0.0431176,-0.644246,0.200424,-0.371638,0.490103,0.330379,0.00227379,-0.27428,-0.495297,-0.51511,-0.121945,-0.545888,0.192286,0.04942,0.526041,0.659821,0.318972,0.886943,0.0583603,0.320443,0.0255933,-0.562986,0.0112477,-0.621705,0.0209945,-0.00307676,0.017645,-0.00903388,-0.00719944,0.00123156,-0.0056599,0,0,0,0,0,0,0,0,0,0,0,0,0,0,0,0,0,0,0,0,0,0,0,0,0,0,0,0,0,0,0,0,0,0,0,0,0,0,0,0,0,0,0,0,0,0,0,0,0,0,0,0,0,0,0,0,0,0,0,0
-0.00953301,-0.00127248,-0.0111195,0.000216209,0.054645,0.0165107,0.658155,-0.000911653,0.00289276,0.10079,-0.617177,0.0998016,-0.14595,0.368959,0.170915,-0.0904131,-0.434563,-0.363358,-0.541356,-0.101786,-0.281438,0.28737,0.241575,0.505926,0.673298,0.253985,0.61461,0.11284,0.194337,-0.041391,-0.402659,0.0189971,-0.551282,0.0861761,-0.0628828,0.0152157,0.0229346,-0.0115867,0.00513458,-0.0137725,0,0,0,0,0,0,0,0,0,0,0,0,0,0,0,0,0,0,0,0,0,0,0,0,0,0,0,0,0,0,0,0,0,0,0,0,0,0,0,0,0,0,0,0,0,0,0,0,0,0,0,0,0,0,0,0,0,0,0,0
-0.013404,0.000715094,-0.0105546,-0.000675552,0.00858774,-0.0015345,0.417987,-0.029104,0.172516,0.0483184,-0.665145,0.115194,0.103519,0.402862,0.0150841,-0.0949398,-0.346979,-0.387265,-0.521465,0.0208982,-0.200559,0.281671,0.192875,0.449254,0.786886,0.202607,0.614232,-0.0431563,0.00807658,-0.0917717,-0.579393,0.142147,-0.343733,0.100452,0.06972,-0.0288056,-0.0296213,0.00452699,-0.00204109,-0.00733367,0,0,0,0,0,0,0,0,0,0,0,0,0,0,0,0,0,0,0,0,0,0,0,0,0,0,0,0,0,0,0,0,0,0,0,0,0,0,0,0,0,0,0,0,0,0,0,0,0,0,0,0,0,0,0,0,0,0,0,0
-0.0151384,0.00181103,-0.0178679,0.00197349,0.0480315,0.0166096,0.573355,-0.0347799,0.307477,-0.00030556,-0.712848,0.218044,-0.158627,0.459007,0.133352,0.0617085,-0.409011,-0.521199,-0.556339,-0.138228,-0.400657,0.292863,0.132606,0.548626,0.783537,0.328351,0.765718,0.0854589,0.294294,0.0274364,-0.492837,-0.00995496,-0.624813,0.0523864,-0.039205,0.024014,0.00696495,-0.00876765,-0.00329682,-0.00726314,0,0,0,0,0,0,0,0,0,0,0,0,0,0,0,0,0,0,0,0,0,0,0,0,0,0,0,0,0,0,0,0,0,0,0,0,0,0,0,0,0,0,0,0,0,0,0,0,0,0,0,0,0,0,0,0,0,0,0,0
-0.0198978,-0.00766248,-0.00180804,0.00773886,0.0468155,-0.00306167,0.669137,-0.0664104,-0.0137982,0.14243,-0.81646,0.382109,0.329266,0.322678,-0.250648,-0.689728,-0.664808,-0.210949,-0.343872,0.483263,0.519775,0.598946,0.936423,0.0261238,0.321858,-0.12667,-0.570255,-0.00828356,-0.531776,0.11526,0.0919006,-0.0110808,-0.0274257,-0.00964226,0.00201238,-0.00318615,-0.0184634,-0.00092229,-0.00565986,-0.000921941,0,0,0,0,0,0,0,0,0,0,0,0,0,0,0,0,0,0,0,0,0,0,0,0,0,0,0,0,0,0,0,0,0,0,0,0,0,0,0,0,0,0,0,0,0,0,0,0,0,0,0,0,0,0,0,0,0,0,0,0
-0.0119787,-0.000529669,0.0086235,0.00649307,0.429615,0.0422243,0.416449,-0.10663,-0.363241,0.0567875,-0.421723,0.399845,0.104701,0.415672,-0.0672912,-0.391486,-0.338833,-0.412889,-0.711303,0.0782715,-0.121169,0.384821,0.591301,0.452522,0.797639,0.194776,0.324195,-0.0335159,-0.363136,-0.160962,-0.577086,0.0108029,-0.0410486,0.0518391,-0.00213153,-0.00788645,-0.0132398,-0.000484925,-0.0189323,-0.00243968,0,0,0,0,0,0,0,0,0,0,0,0,0,0,0,0,0,0,0,0,0,0,0,0,0,0,0,0,0,0,0,0,0,0,0,0,0,0,0,0,0,0,0,0,0,0,0,0,0,0,0,0,0,0,0,0,0,0,0,0
-0.0141179,-0.00562001,-0.00897209,0.00120107,0.204211,0.00238225,0.648557,-0.0632866,-0.507087,0.16802,-0.300181,0.470056,0.255489,-0.0261085,-0.51621,-0.514845,-0.615814,0.00713984,-0.273186,0.30525,0.46732,0.484931,0.822633,0.182317,0.432284,-0.0372321,-0.064933,-0.153987,-0.585554,0.0337496,-0.276342,0.0444041,0.0508681,-0.0107805,-0.0157003,0.000112367,0.000165209,-0.00357299,-0.0139169,-0.000898889,0,0,0,0,0,0,0,0,0,0,0,0,0,0,0,0,0,0,0,0,0,0,0,0,0,0,0,0,0,0,0,0,0,0,0,0,0,0,0,0,0,0,0,0,0,0,0,0,0,0,0,0,0,0,0,0,0,0,0,0
-0.0123365,-0.00427839,-0.00407254,0.00484769,0.379843,0.00617937,0.427007,-0.0729039,-0.582322,0.229374,-0.019502,0.335523,-0.00992692,-0.00868057,-0.425472,-0.331344,-0.580053,-0.00301281,-0.118155,0.19087,0.341076,0.466971,0.767783,0.259654,0.366888,-0.0143026,0.0117168,-0.181497,-0.741118,0.0477284,-0.139765,0.0434196,0.0633872,-0.0222022,-0.0244463,0.00252678,-0.00903167,-0.00248677,-0.00466454,-0.00156781,0,0,0,0,0,0,0,0,0,0,0,0,0,0,0,0,0,0,0,0,0,0,0,0,0,0,0,0,0,0,0,0,0,0,0,0,0,0,0,0,0,0,0,0,0,0,0,0,0,0,0,0,0,0,0,0,0,0,0,0
-0.00983387,-0.000512145,-0.010733,5.85E-05,0.0911069,4.15E-05,0.768421,-0.0691213,-0.174473,0.0693842,-0.575197,0.270837,-0.0280459,0.521966,0.0424152,-0.528242,-0.535333,-0.319637,-0.550767,0.16964,-0.10769,0.288687,0.279462,0.435027,0.743826,0.256245,0.720729,-0.0156141,0.00784894,-0.0672984,-0.787927,0.112573,-0.224249,0.0341542,0.0562866,-0.0132937,-0.027793,0.00173478,-0.00396149,-0.00247197,0,0,0,0,0,0,0,0,0,0,0,0,0,0,0,0,0,0,0,0,0,0,0,0,0,0,0,0,0,0,0,0,0,0,0,0,0,0,0,0,0,0,0,0,0,0,0,0,0,0,0,0,0,0,0,0,0,0,0,0
-0.0116985,0.000226632,-0.0103058,0.00138569,-0.0105328,0.00139116,0.00200903,0.00650863,0.263283,0.158805,0.176649,0.267207,-0.156029,0.262826,-0.375697,0.0372348,-0.357565,-0.258271,-0.206616,-0.374348,-0.0457816,-0.228601,0.390415,-0.181633,0.516603,0.214401,0.368732,0.352579,-0.163756,0.583167,-0.669744,-0.282455,0.0394555,-0.141848,-0.0220946,0.0466657,-0.0168108,-0.0142389,-0.0132314,0.00828178,0,0,0,0,0,0,0,0,0,0,0,0,0,0,0,0,0,0,0,0,0,0,0,0,0,0,0,0,0,0,0,0,0,0,0,0,0,0,0,0,0,0,0,0,0,0,0,0,0,0,0,0,0,0,0,0,0,0,0,0
-0.00667465,-0.00912051,-0.0130669,0.00356413,-0.00439018,0.00599036,0.268543,0.110704,0.341416,0.297227,-0.228332,0.436247,-0.399497,-0.00127728,-0.547703,-0.40001,-0.264657,-0.23095,0.320352,-0.295257,0.558342,0.0298478,0.357474,0.40698,-0.257822,0.484761,-0.505959,-0.339748,0.0621413,0.00374035,-0.0259787,0.0120528,-0.0061997,-0.00714053,-0.0146666,-0.000652247,-0.0139884,-0.000134485,-0.0139863,-0.0011938,0,0,0,0,0,0,0,0,0,0,0,0,0,0,0,0,0,0,0,0,0,0,0,0,0,0,0,0,0,0,0,0,0,0,0,0,0,0,0,0,0,0,0,0,0,0,0,0,0,0,0,0,0,0,0,0,0,0,0,0
-0.0320803,0.00114136,-0.00766805,0.000819816,0.00891284,0.0156583,0.232758,0.0992878,0.363452,0.227606,0.00590269,0.363828,-0.349249,0.189572,-0.267713,-0.081918,-0.444791,-0.23142,-0.308731,-0.23336,-0.0251374,-0.284301,0.467085,-0.272831,0.790846,0.340132,0.13116,0.539706,-0.755675,0.075269,-0.150346,-0.217899,0.0300961,0.0408975,-0.0295815,-0.00655637,-0.00279406,-0.00310418,-0.0166635,-0.000908699,0,0,0,0,0,0,0,0,0,0,0,0,0,0,0,0,0,0,0,0,0,0,0,0,0,0,0,0,0,0,0,0,0,0,0,0,0,0,0,0,0,0,0,0,0,0,0,0,0,0,0,0,0,0,0,0,0,0,0,0
-0.0233919,0.00729641,-0.00245385,-0.00542085,0.0202351,0.0311368,0.1341,0.095662,0.286941,0.138019,0.0433917,0.337864,-0.173884,0.232508,-0.255307,0.0835629,-0.177193,-0.150158,-0.370316,-0.241461,-0.362545,-0.260798,0.000176003,-0.286132,0.556256,-0.216486,0.759016,0.383833,0.167281,0.699007,-0.732881,0.0243326,-0.309881,-0.205279,0.0589725,0.0179877,-0.0363721,-0.000285543,-0.00713835,-0.00450981,0,0,0,0,0,0,0,0,0,0,0,0,0,0,0,0,0,0,0,0,0,0,0,0,0,0,0,0,0,0,0,0,0,0,0,0,0,0,0,0,0,0,0,0,0,0,0,0,0,0,0,0,0,0,0,0,0,0,0,0
-0.0190148,0.00234584,-0.0100376,0.0014779,-0.00918312,-0.0155024,-0.000591655,0.0307887,0.100634,0.0706971,0.233518,0.183461,0.131218,0.251038,0.00787525,0.102867,-0.281199,0.0823932,-0.490016,-0.1273,-0.337473,-0.255367,-0.273758,-0.218375,0.414853,-0.250885,0.877667,-0.0144326,0.308936,0.894102,-0.765305,0.22623,-0.225946,-0.339652,0.0134092,0.0337731,-0.021421,-0.00937135,-0.0115238,0.00150064,0,0,0,0,0,0,0,0,0,0,0,0,0,0,0,0,0,0,0,0,0,0,0,0,0,0,0,0,0,0,0,0,0,0,0,0,0,0,0,0,0,0,0,0,0,0,0,0,0,0,0,0,0,0,0,0,0,0,0,0
-0.0125305,0.000372257,-0.0116587,0.00208414,0.00320639,0.0182004,0.156053,0.0958924,0.151296,0.183241,0.00729721,0.132429,-0.200398,0.068807,-0.341309,-0.0979717,-0.477618,-0.238325,0.357152,-0.31329,0.770124,0.215801,-0.142479,0.722094,-0.52611,-0.314226,0.0443675,0.0678418,-0.0105627,-0.0292846,-0.0146488,0.00125061,-0.0124859,-0.00183269,-0.0285376,-0.00549802,-0.0137924,-0.00316946,-0.00403342,0.00296646,0,0,0,0,0,0,0,0,0,0,0,0,0,0,0,0,0,0,0,0,0,0,0,0,0,0,0,0,0,0,0,0,0,0,0,0,0,0,0,0,0,0,0,0,0,0,0,0,0,0,0,0,0,0,0,0,0,0,0,0
-0.0104744,0.00334855,-0.0130731,0.00125949,-0.00094268,0.00894325,0.174668,0.147704,0.216102,0.24916,-0.0165198,0.183453,-0.109718,-0.00439862,-0.298923,-0.062882,-0.284327,-0.0628043,-0.220091,-0.189295,-0.120517,-0.28105,0.292324,-0.264279,0.349605,-0.0631785,0.43014,0.56348,0.0126868,0.665819,-0.689971,-0.344917,-0.0536925,-0.113181,0.0109142,0.0344103,-0.0224631,-0.00976395,-0.00879763,0.00125721,0,0,0,0,0,0,0,0,0,0,0,0,0,0,0,0,0,0,0,0,0,0,0,0,0,0,0,0,0,0,0,0,0,0,0,0,0,0,0,0,0,0,0,0,0,0,0,0,0,0,0,0,0,0,0,0,0,0,0,0
-0.0125635,-0.000489563,-0.0112303,0.0022984,-0.00944648,-0.000819067,0.0886692,0.117894,0.274693,0.207884,0.141879,0.278676,-0.126746,0.16199,-0.277916,-0.0281056,-0.273173,-0.114501,-0.197566,-0.198669,-0.134912,-0.294808,-0.107025,-0.179546,-0.0199846,-0.188492,0.328553,-0.124765,0.450484,0.157826,0.277496,0.467536,-0.373464,0.417149,-0.360261,-0.123347,-0.0365277,-0.207354,-0.0145583,0.0311074,0,0,0,0,0,0,0,0,0,0,0,0,0,0,0,0,0,0,0,0,0,0,0,0,0,0,0,0,0,0,0,0,0,0,0,0,0,0,0,0,0,0,0,0,0,0,0,0,0,0,0,0,0,0,0,0,0,0,0,0
-0.0110977,-0.00610036,-0.0113562,0.00347969,-0.0110013,0.00204994,0.0996023,0.0745114,0.266332,0.280726,0.0489916,0.399598,-0.0149905,0.0537278,-0.259557,-0.216,-0.437903,-0.0851268,-0.245687,-0.148906,-0.171144,-0.237024,-0.00606448,-0.251979,0.445942,-0.0674022,0.681232,0.230879,0.139227,0.597009,-0.728055,0.10262,-0.153176,-0.199645,0.0128968,0.0287511,-0.0183099,-0.00459337,-0.00775182,-0.00683108,0,0,0,0,0,0,0,0,0,0,0,0,0,0,0,0,0,0,0,0,0,0,0,0,0,0,0,0,0,0,0,0,0,0,0,0,0,0,0,0,0,0,0,0,0,0,0,0,0,0,0,0,0,0,0,0,0,0,0,0
-0.0175797,0.00413686,-0.0111488,0.00096868,-0.00938115,0.00283716,0.0951602,0.115703,0.263513,0.253467,0.18519,0.255763,-0.100985,0.15549,-0.212974,0.0065985,-0.250015,-0.0700196,-0.315039,-0.133866,-0.337433,-0.266075,-0.219709,-0.233932,0.245163,-0.191668,0.803,-0.0564015,0.594335,0.41475,-0.299325,0.595601,-0.576906,-0.03228,-0.148463,-0.175804,0.00955731,0.0153814,-0.017703,0.00128314,0,0,0,0,0,0,0,0,0,0,0,0,0,0,0,0,0,0,0,0,0,0,0,0,0,0,0,0,0,0,0,0,0,0,0,0,0,0,0,0,0,0,0,0,0,0,0,0,0,0,0,0,0,0,0,0,0,0,0,0
-0.0117789,-0.000775232,-0.0116098,0.0019252,0.0209915,0.0295078,0.173831,0.176347,0.227922,0.125287,-0.0626973,0.174344,-0.130987,0.00921737,-0.157388,0.039814,-0.225937,0.0709653,-0.185068,-0.0527094,-0.268258,-0.314344,-0.154393,-0.289628,0.223187,-0.214187,0.600306,0.0105316,0.643971,0.406316,-0.249251,0.50661,-0.596839,0.0649834,-0.179828,-0.112824,0.0209414,-0.0673042,-0.0169802,0.00505605,0,0,0,0,0,0,0,0,0,0,0,0,0,0,0,0,0,0,0,0,0,0,0,0,0,0,0,0,0,0,0,0,0,0,0,0,0,0,0,0,0,0,0,0,0,0,0,0,0,0,0,0,0,0,0,0,0,0,0,0
-0.0116267,-0.001119,-0.00962197,0.00375895,0.0887472,0.0952408,0.146199,0.0952963,0.0652719,0.0892262,-0.0236388,0.0797925,-0.0401448,0.107194,-0.0983184,0.190734,-0.352708,-0.00309319,-0.458877,-0.44417,0.0344492,-0.333886,0.638014,-0.0644542,0.575723,0.286903,-0.149654,0.547409,-0.585081,0.0291571,-0.027383,-0.238898,-0.00986059,0.0458324,-0.0138313,-0.01211,-0.0138312,0.00282621,-0.0138903,-0.00139286,0,0,0,0,0,0,0,0,0,0,0,0,0,0,0,0,0,0,0,0,0,0,0,0,0,0,0,0,0,0,0,0,0,0,0,0,0,0,0,0,0,0,0,0,0,0,0,0,0,0,0,0,0,0,0,0,0,0,0,0
-0.0122262,0.00126245,-0.0113206,0.00192935,0.0107722,0.0351268,0.109672,0.0869785,0.11963,0.133142,0.00219243,0.0378006,-0.0171606,0.0619918,-0.0837551,0.170215,-0.179017,0.07611,-0.384777,-0.207971,-0.290052,-0.371368,0.386557,-0.229883,0.668719,0.180239,0.104881,0.519557,-0.60245,0.0772447,-0.0981348,-0.181746,-0.00822188,0.0316615,-0.0146732,-0.00952853,-0.0130393,0.00158185,-0.0133931,-0.00106462,0,0,0,0,0,0,0,0,0,0,0,0,0,0,0,0,0,0,0,0,0,0,0,0,0,0,0,0,0,0,0,0,0,0,0,0,0,0,0,0,0,0,0,0,0,0,0,0,0,0,0,0,0,0,0,0,0,0,0,0
-0.0241075,-0.00360787,-0.00785242,0.00600574,0.0245937,0.0384844,0.117638,0.107148,0.170665,0.0889677,0.0627125,0.120251,-0.0547703,0.117969,-0.126626,0.131968,-0.0905402,0.0998434,-0.272526,-0.0078032,-0.34758,-0.342316,-0.198037,-0.435584,0.326691,-0.26,0.641233,0.0916062,0.362157,0.542095,-0.3952,0.310083,-0.432999,-0.0922219,-0.033902,-0.0822958,-0.00848116,0.0214901,-0.0151395,-0.00728626,0,0,0,0,0,0,0,0,0,0,0,0,0,0,0,0,0,0,0,0,0,0,0,0,0,0,0,0,0,0,0,0,0,0,0,0,0,0,0,0,0,0,0,0,0,0,0,0,0,0,0,0,0,0,0,0,0,0,0,0
-0.0111019,-9.86E-05,-0.0126035,0.00337436,-0.0117413,0.00132331,-0.046749,0.00835261,-0.265798,-0.00355709,-0.466448,0.0119866,-0.322002,0.061953,0.0290624,0.0583357,0.286774,0.0736134,0.334358,0.119528,0.357882,0.163967,0.334995,0.306409,0.315763,0.302638,0.175607,0.105873,-0.0648908,-0.111188,-0.366221,-0.223424,-0.476633,-0.202244,-0.279004,-0.15178,-0.0113237,-0.0170096,0.0110025,0.0179232,0,0,0,0,0,0,0,0,0,0,0,0,0,0,0,0,0,0,0,0,0,0,0,0,0,0,0,0,0,0,0,0,0,0,0,0,0,0,0,0,0,0,0,0,0,0,0,0,0,0,0,0,0,0,0,0,0,0,0,0
-0.0196918,-0.00468448,-0.0124454,0.000363392,-0.0131546,0.00509155,-0.116322,0.0368824,-0.369202,0.0606747,-0.421803,0.0786561,-0.325382,0.0758679,-0.000111041,-0.0106494,0.319577,0.0343179,0.536279,0.153462,0.508604,0.312945,0.348859,0.370195,0.257304,0.23769,0.10828,0.0212235,-0.160879,-0.176403,-0.400544,-0.223274,-0.448744,-0.24122,-0.229509,-0.126431,0.0122413,0.017347,0.00845696,0.0151303,0,0,0,0,0,0,0,0,0,0,0,0,0,0,0,0,0,0,0,0,0,0,0,0,0,0,0,0,0,0,0,0,0,0,0,0,0,0,0,0,0,0,0,0,0,0,0,0,0,0,0,0,0,0,0,0,0,0,0,0
-0.0227224,-0.0174772,-0.0553552,-0.00826908,-0.290446,0.00411965,-0.516154,-0.00286681,-0.431367,0.0304385,-0.148861,0.0984637,0.151269,0.132153,0.564155,0.169634,0.746489,0.319237,0.458278,0.427337,0.122146,0.279411,-0.0437663,0.00644584,-0.102399,-0.175654,-0.183963,-0.215141,-0.303161,-0.202532,-0.330934,-0.193254,-0.232696,-0.174288,-0.10797,-0.11345,-0.0148525,-0.0205523,0.0034409,0.0141627,0,0,0,0,0,0,0,0,0,0,0,0,0,0,0,0,0,0,0,0,0,0,0,0,0,0,0,0,0,0,0,0,0,0,0,0,0,0,0,0,0,0,0,0,0,0,0,0,0,0,0,0,0,0,0,0,0,0,0,0
-0.0128998,-0.00219468,-0.0133387,-0.00118204,-0.0808188,0.00844697,-0.363928,0.0124064,-0.569611,0.0258293,-0.365267,0.0818544,0.0262876,0.0380198,0.39084,0.0288068,0.644715,0.212637,0.470262,0.434832,0.249847,0.44285,0.298286,0.274587,0.144742,0.0744242,-0.151322,-0.171149,-0.439746,-0.322873,-0.555607,-0.314589,-0.251777,-0.125322,0.0335728,0.0277806,0.0109909,0.014146,-0.0247607,-0.0116236,0,0,0,0,0,0,0,0,0,0,0,0,0,0,0,0,0,0,0,0,0,0,0,0,0,0,0,0,0,0,0,0,0,0,0,0,0,0,0,0,0,0,0,0,0,0,0,0,0,0,0,0,0,0,0,0,0,0,0,0
-0.0131208,-0.00609635,-0.0210332,0.00753944,-0.152568,0.0321838,-0.411581,0.0137018,-0.568323,0.0292624,-0.438705,0.112453,0.0709866,0.0308422,0.637875,0.0312349,0.733596,0.259686,0.434423,0.49485,0.288987,0.474777,0.267912,0.207176,0.0434535,-0.115623,-0.408047,-0.375904,-0.731499,-0.38489,-0.433714,-0.198196,0.0235547,-0.0177967,0.0802308,0.0258624,-0.0209175,0.0012837,-0.0342037,-0.00908122,0,0,0,0,0,0,0,0,0,0,0,0,0,0,0,0,0,0,0,0,0,0,0,0,0,0,0,0,0,0,0,0,0,0,0,0,0,0,0,0,0,0,0,0,0,0,0,0,0,0,0,0,0,0,0,0,0,0,0,0
-0.00577304,0.000132072,-0.0473624,0.0217717,-0.326348,0.0754649,-0.6895,0.0768483,-0.610709,0.0247892,0.0855077,-0.0106593,0.662462,0.109999,0.649377,0.391947,0.596398,0.632549,0.562977,0.507989,0.253659,0.161701,-0.086304,-0.117949,-0.356135,-0.277099,-0.575379,-0.338885,-0.510946,-0.27995,-0.147595,-0.0941155,0.0442655,0.0270039,0.00277507,0.0201275,-0.0186706,-0.00731512,-0.00130345,-0.00982021,0,0,0,0,0,0,0,0,0,0,0,0,0,0,0,0,0,0,0,0,0,0,0,0,0,0,0,0,0,0,0,0,0,0,0,0,0,0,0,0,0,0,0,0,0,0,0,0,0,0,0,0,0,0,0,0,0,0,0,0
-0.00870105,0.000895411,-0.0136233,0.00233858,-0.0347299,0.0113467,-0.26336,0.0366087,-0.657928,0.0295039,-0.628403,0.0307516,-0.0432507,-0.0191644,0.418391,0.034178,0.520234,0.245401,0.641689,0.431452,0.569561,0.560992,0.412837,0.395698,0.132658,0.0512502,-0.279424,-0.213107,-0.58465,-0.320246,-0.53439,-0.270321,-0.242261,-0.127805,0.00885077,-0.00627778,0.015173,0.0115077,-0.022392,-0.00406505,0,0,0,0,0,0,0,0,0,0,0,0,0,0,0,0,0,0,0,0,0,0,0,0,0,0,0,0,0,0,0,0,0,0,0,0,0,0,0,0,0,0,0,0,0,0,0,0,0,0,0,0,0,0,0,0,0,0,0,0
-0.0129703,-0.00410246,-0.0108007,0.0016843,-0.13827,0.0107336,-0.50859,0.003239,-0.669868,0.0346055,-0.3305,0.108238,0.301126,0.200236,0.986977,0.289469,0.968227,0.467309,0.470194,0.506472,0.134687,0.254171,-0.149572,-0.059579,-0.447986,-0.231345,-0.681228,-0.328213,-0.488705,-0.281376,-0.0274971,-0.0663684,0.0713229,0.0411001,-0.0193142,0.0125776,-0.0289003,-0.0109401,-0.00291984,-0.00382702,0,0,0,0,0,0,0,0,0,0,0,0,0,0,0,0,0,0,0,0,0,0,0,0,0,0,0,0,0,0,0,0,0,0,0,0,0,0,0,0,0,0,0,0,0,0,0,0,0,0,0,0,0,0,0,0,0,0,0,0
-0.0078647,0.00174963,-0.0133445,0.000563736,-0.0783246,0.0188834,-0.409314,0.0393902,-0.667982,-0.00488547,-0.389788,-0.00603696,0.18446,0.0485068,0.545876,0.160312,0.61097,0.38508,0.629992,0.591514,0.602279,0.505095,0.205906,0.243629,-0.246851,-0.0866754,-0.684434,-0.357099,-0.796854,-0.357034,-0.339182,-0.13415,0.0361246,0.0199484,0.0266237,0.0176724,-0.022697,-0.0121118,-0.0110873,-0.00532938,0,0,0,0,0,0,0,0,0,0,0,0,0,0,0,0,0,0,0,0,0,0,0,0,0,0,0,0,0,0,0,0,0,0,0,0,0,0,0,0,0,0,0,0,0,0,0,0,0,0,0,0,0,0,0,0,0,0,0,0
-0.00710658,0.0020431,-0.010861,0.0106143,-0.168443,0.0431431,-0.624179,0.0651956,-0.487787,0.0435012,0.182115,0.0309753,0.429281,0.0730291,0.506673,0.161556,0.554028,0.378018,0.435964,0.493733,0.1807,0.328427,-0.121,-0.0473305,-0.366117,-0.37789,-0.464603,-0.366146,-0.358242,-0.201103,-0.150835,-0.102078,-0.000815244,-0.0187962,0.00530071,0.00945515,-0.0223242,0.00259181,-0.0095097,-0.0048484,0,0,0,0,0,0,0,0,0,0,0,0,0,0,0,0,0,0,0,0,0,0,0,0,0,0,0,0,0,0,0,0,0,0,0,0,0,0,0,0,0,0,0,0,0,0,0,0,0,0,0,0,0,0,0,0,0,0,0,0
-0.00507023,-0.00654453,-0.0140162,-0.000100459,-0.108665,0.00276884,-0.528725,0.0304504,-0.602807,0.0621709,-0.0254587,0.0600398,0.585828,0.205335,0.787904,0.468172,0.5978,0.477199,0.127428,0.254599,-0.261703,-0.115194,-0.489969,-0.4197,-0.571029,-0.317741,-0.0979193,-0.0309865,0.0698829,0.051295,-0.021641,0.00219507,-0.0179048,-0.00681541,-0.00258054,0.0013196,-0.01162,-0.00105904,-0.0108162,-0.0013543,0,0,0,0,0,0,0,0,0,0,0,0,0,0,0,0,0,0,0,0,0,0,0,0,0,0,0,0,0,0,0,0,0,0,0,0,0,0,0,0,0,0,0,0,0,0,0,0,0,0,0,0,0,0,0,0,0,0,0,0
-0.0051656,-0.000526214,-0.0100993,0.000561578,-0.0622276,0.0102522,-0.302844,0.0206571,-0.537078,0.0226572,-0.43141,0.0244258,-0.0540972,0.0183952,0.252094,0.109816,0.483625,0.283035,0.6949,0.442496,0.531205,0.504135,0.248001,0.309557,0.0635875,-0.0614168,-0.239503,-0.290437,-0.602637,-0.372271,-0.514899,-0.332007,-0.101672,-0.1459,0.0465744,0.0157714,-0.00341502,0.0381009,-0.021393,0.000969505,0,0,0,0,0,0,0,0,0,0,0,0,0,0,0,0,0,0,0,0,0,0,0,0,0,0,0,0,0,0,0,0,0,0,0,0,0,0,0,0,0,0,0,0,0,0,0,0,0,0,0,0,0,0,0,0,0,0,0,0
-0.00309073,-0.00576084,-0.0378896,0.00717633,-0.245098,0.0183372,-0.536276,0.0170833,-0.58023,0.0169554,-0.0141583,0.0401492,0.681049,0.195186,0.735598,0.329815,0.435541,0.454024,0.283532,0.398742,0.116372,0.0847153,-0.249947,-0.245795,-0.527516,-0.341541,-0.422008,-0.242875,-0.145391,-0.0916869,0.0109944,0.00205959,-0.00278731,0.0189744,-0.0191579,-0.000132333,-0.00847942,-0.0055628,-0.00796461,-0.00127526,0,0,0,0,0,0,0,0,0,0,0,0,0,0,0,0,0,0,0,0,0,0,0,0,0,0,0,0,0,0,0,0,0,0,0,0,0,0,0,0,0,0,0,0,0,0,0,0,0,0,0,0,0,0,0,0,0,0,0,0
-0.0117608,-0.00060042,-0.0103251,0.00108929,-0.157521,0.00553513,-0.584906,-0.00825858,-0.474401,0.0547576,0.137589,0.13985,0.70884,0.144907,0.735234,0.355612,0.375011,0.511924,0.0936433,0.178782,-0.296686,-0.221432,-0.504028,-0.414437,-0.376099,-0.194919,-0.0261726,0.0101316,0.01967,0.0146574,-0.0236244,-0.00609823,-0.00174636,-0.00732168,-0.0122372,-0.0027081,-0.0155659,-0.014135,-0.0229248,-0.0376945,0,0,0,0,0,0,0,0,0,0,0,0,0,0,0,0,0,0,0,0,0,0,0,0,0,0,0,0,0,0,0,0,0,0,0,0,0,0,0,0,0,0,0,0,0,0,0,0,0,0,0,0,0,0,0,0,0,0,0,0
-0.035393,-0.0706685,-0.0233649,-0.0272404,-0.0944072,0.0210221,-0.4224,0.00299736,-0.701276,-0.0429869,-0.476956,-0.0240911,0.0744193,0.0874096,0.542687,0.213926,0.718291,0.354784,0.609719,0.513788,0.425134,0.500051,0.180898,0.237185,-0.0767544,-0.197859,-0.3282,-0.482649,-0.457983,-0.413222,-0.417797,-0.170354,-0.181246,-0.0122864,0.0171781,0.017585,0.012125,0.00555409,-0.0308008,0.00303618,0,0,0,0,0,0,0,0,0,0,0,0,0,0,0,0,0,0,0,0,0,0,0,0,0,0,0,0,0,0,0,0,0,0,0,0,0,0,0,0,0,0,0,0,0,0,0,0,0,0,0,0,0,0,0,0,0,0,0,0
0.00971361,-0.0117935,-0.00547706,-0.00131264,-0.0293886,0.00669592,-0.229658,0.0191073,-0.632704,0.0330492,-0.561569,0.0938661,0.193402,0.0786262,0.634111,0.0926892,0.607362,0.24899,0.472858,0.440082,0.354605,0.378274,0.139092,0.0822591,-0.344434,-0.327328,-0.662961,-0.479437,-0.456515,-0.220123,-0.00999951,0.0491917,0.0345551,0.0206766,-0.0279542,-0.0162,-0.0122148,-0.000169623,-0.00668562,0.000447488,0,0,0,0,0,0,0,0,0,0,0,0,0,0,0,0,0,0,0,0,0,0,0,0,0,0,0,0,0,0,0,0,0,0,0,0,0,0,0,0,0,0,0,0,0,0,0,0,0,0,0,0,0,0,0,0,0,0,0,0
-0.0132229,-0.00536951,-0.0172412,-0.000893788,-0.106304,0.0214057,-0.370851,0.0158911,-0.693583,-0.00403422,-0.679885,0.0200246,0.0390815,0.0350848,0.681722,0.123862,0.692872,0.258971,0.54088,0.458669,0.57796,0.599953,0.565478,0.424047,0.175309,-0.0307376,-0.460418,-0.424755,-0.797989,-0.348897,-0.568805,-0.145822,-0.218712,-0.074323,-0.0491589,-0.0368886,-0.00633411,0.00189865,-0.017069,0.0100143,0,0,0,0,0,0,0,0,0,0,0,0,0,0,0,0,0,0,0,0,0,0,0,0,0,0,0,0,0,0,0,0,0,0,0,0,0,0,0,0,0,0,0,0,0,0,0,0,0,0,0,0,0,0,0,0,0,0,0,0
-0.0119374,-0.00429746,-0.0140805,0.00176117,-0.283488,0.0131767,-0.710408,-0.00027978,-0.359058,0.0363925,0.433469,0.0599656,0.709794,0.205261,0.498439,0.525286,0.338493,0.527387,0.0801736,-0.042813,-0.426466,-0.539513,-0.475622,-0.292535,-0.236332,-0.0386069,-0.0454,-0.00915937,0.00175021,0.00179422,-0.0120999,-0.00119463,-0.00439727,-0.00635104,-0.0188129,-0.0467185,-0.0146565,-0.0759929,-0.00913416,-0.0132768,0,0,0,0,0,0,0,0,0,0,0,0,0,0,0,0,0,0,0,0,0,0,0,0,0,0,0,0,0,0,0,0,0,0,0,0,0,0,0,0,0,0,0,0,0,0,0,0,0,0,0,0,0,0,0,0,0,0,0,0
-0.00986855,-0.0205051,-0.0575435,0.00710183,-0.35555,0.0580116,-0.673277,0.0340765,-0.65789,0.0691921,-0.146806,0.0902001,0.471055,0.0822373,0.69368,0.200688,0.672861,0.459568,0.725386,0.471715,0.631348,0.206728,0.070704,-0.0560243,-0.505239,-0.260351,-0.703046,-0.295609,-0.53364,-0.208048,-0.191236,-0.0766454,0.0242613,0.00900183,0.0129845,0.00960606,-0.025167,-0.00431824,-0.0162808,-0.00243114,0,0,0,0,0,0,0,0,0,0,0,0,0,0,0,0,0,0,0,0,0,0,0,0,0,0,0,0,0,0,0,0,0,0,0,0,0,0,0,0,0,0,0,0,0,0,0,0,0,0,0,0,0,0,0,0,0,0,0,0
-0.00486429,-0.0010806,-0.032017,0.00105723,-0.266719,-0.0122292,-0.666715,0.00587273,-0.656259,0.101864,-0.0683591,0.123994,0.560931,0.113101,0.741721,0.173444,0.630775,0.387846,0.425153,0.51958,0.222433,0.25574,-0.00234687,-0.159419,-0.20634,-0.398968,-0.546673,-0.378765,-0.540715,-0.207588,-0.0837992,-0.0172618,0.0699573,0.034009,-0.0212884,0.00210301,-0.0199164,-0.00941665,-0.00256923,-0.00165865,0,0,0,0,0,0,0,0,0,0,0,0,0,0,0,0,0,0,0,0,0,0,0,0,0,0,0,0,0,0,0,0,0,0,0,0,0,0,0,0,0,0,0,0,0,0,0,0,0,0,0,0,0,0,0,0,0,0,0,0
0.0239452,0.0520073,0.328834,0.312474,0.13219,0.122996,-0.879878,-0.178119,-0.42632,-0.21347,0.612221,-0.102175,0.708978,-0.10723,-0.24894,0.057539,-0.819235,0.389932,-0.249057,0.398658,0.831622,0.188594,0.0665792,-0.128613,-0.145599,-0.0881595,0.00346433,0.0159222,-0.00921589,-0.004443,-0.0103868,-0.000781063,-0.00995937,-0.00297959,-0.00775522,0.000717935,-0.0100487,-0.00161806,-0.0102078,-0.000765366,0,0,0,0,0,0,0,0,0,0,0,0,0,0,0,0,0,0,0,0,0,0,0,0,0,0,0,0,0,0,0,0,0,0,0,0,0,0,0,0,0,0,0,0,0,0,0,0,0,0,0,0,0,0,0,0,0,0,0,0
-0.0107258,-0.00118263,-0.0110446,-0.00152367,-0.0112689,-0.0018385,-0.0113553,-0.00206816,-0.0112702,-0.00215695,-0.0110108,-0.00208575,-0.0106119,-0.00187385,-0.010125,-0.00156181,-0.00960858,-0.00120321,-0.00911753,-0.000847701,-0.00869534,-0.000535285,-0.00836831,-0.000295079,-0.00814979,-0.000145103,-0.00805622,-9.90E-05,-0.00809978,-0.000156947,-0.00826048,-0.000301824,-0.00849536,-0.000506555,-0.00875171,-0.000735484,-0.00898364,-0.000954317,-0.00916048,-0.00113538,0,0,0,0,0,0,0,0,0,0,0,0,0,0,0,0,0,0,0,0,0,0,0,0,0,0,0,0,0,0,0,0,0,0,0,0,0,0,0,0,0,0,0,0,0,0,0,0,0,0,0,0,0,0,0,0,0,0,0,0
-0.00972787,-0.00105449,0.028795,0.0637344,0.270814,0.257239,0.316867,0.187589,-0.208735,0.028177,-0.845655,-0.152716,-0.537479,-0.164356,0.436431,-0.0889031,0.998714,-0.116819,0.359867,-0.0508013,-0.501369,0.128052,-0.787725,0.377813,-0.516451,0.397794,0.251955,0.31869,0.734751,0.17099,0.26878,0.0179056,-0.211496,-0.0963493,-0.107657,-0.149172,-0.00605237,0.00182656,-0.0106824,-0.000584528,0,0,0,0,0,0,0,0,0,0,0,0,0,0,0,0,0,0,0,0,0,0,0,0,0,0,0,0,0,0,0,0,0,0,0,0,0,0,0,0,0,0,0,0,0,0,0,0,0,0,0,0,0,0,0,0,0,0,0,0
-0.00919278,-0.00203658,0.0648587,0.0802313,0.371039,0.335943,0.252823,0.183781,-0.515852,-0.0413734,-0.944868,-0.180536,-0.466138,-0.245325,0.667717,-0.151751,1.04413,-0.133531,0.271571,-0.111321,-0.355084,0.149072,-0.850003,0.466659,-0.585335,0.394864,0.0316428,0.349918,0.793773,0.209135,0.515873,0.149572,-0.0864059,0.0331865,-0.185199,-0.222302,-0.111245,-0.193563,0.00466287,0.0258691,0,0,0,0,0,0,0,0,0,0,0,0,0,0,0,0,0,0,0,0,0,0,0,0,0,0,0,0,0,0,0,0,0,0,0,0,0,0,0,0,0,0,0,0,0,0,0,0,0,0,0,0,0,0,0,0,0,0,0,0
-0.0122329,-0.00529335,0.0709219,0.113086,0.390864,0.319122,0.278431,0.118824,-0.688266,-0.0765057,-0.801204,-0.105754,-0.281207,-0.148536,0.268801,-0.097822,0.908162,-0.0557209,0.564332,-0.0854999,-0.273257,0.0289223,-0.964047,0.420141,-0.648071,0.468024,0.216054,0.445006,0.853839,0.154861,0.469785,0.0467733,-0.178239,0.0309741,-0.295911,-0.196653,-0.116069,-0.133368,0.0191625,0.0322727,0,0,0,0,0,0,0,0,0,0,0,0,0,0,0,0,0,0,0,0,0,0,0,0,0,0,0,0,0,0,0,0,0,0,0,0,0,0,0,0,0,0,0,0,0,0,0,0,0,0,0,0,0,0,0,0,0,0,0,0
-0.0165763,-0.0103543,0.0562604,0.0632969,0.348479,0.292021,0.282473,0.0840403,-0.606773,-0.0220977,-0.86004,-0.0625668,-0.224109,0.00583578,0.715883,-0.182469,0.789847,-0.221231,0.0364666,-0.0893405,-0.678496,0.341953,-0.774651,0.472724,0.0528097,0.344826,0.698902,0.209311,0.593939,0.078613,-0.154868,-0.0091226,-0.423242,-0.257586,-0.00618082,-0.0359665,-0.00731608,0.0101662,-0.0129121,-0.00539604,0,0,0,0,0,0,0,0,0,0,0,0,0,0,0,0,0,0,0,0,0,0,0,0,0,0,0,0,0,0,0,0,0,0,0,0,0,0,0,0,0,0,0,0,0,0,0,0,0,0,0,0,0,0,0,0,0,0,0,0
-0.00928606,-0.00116857,0.0247473,0.0581581,0.268504,0.343484,0.426416,0.0829435,-0.402565,-0.026419,-0.919526,-0.176841,-0.319295,-0.109816,0.394156,-0.127886,0.873286,-0.0866671,0.237173,-0.100015,-0.395247,0.00989425,-0.901941,0.419768,-0.371534,0.403986,0.57098,0.313773,0.618567,0.145426,0.192534,0.0632161,-0.278582,-0.194411,-0.242319,-0.176388,0.00791579,-0.0168495,-0.010904,0.00526569,0,0,0,0,0,0,0,0,0,0,0,0,0,0,0,0,0,0,0,0,0,0,0,0,0,0,0,0,0,0,0,0,0,0,0,0,0,0,0,0,0,0,0,0,0,0,0,0,0,0,0,0,0,0,0,0,0,0,0,0
-0.0115674,-0.0039992,0.0222784,0.048271,0.255626,0.311816,0.296172,0.1395,-0.482244,-0.0996915,-0.820486,-0.226299,-0.151686,-0.0584786,0.626719,-0.0887674,0.791723,-0.14463,0.0215545,-0.0956523,-0.853494,0.323836,-0.630354,0.416984,0.115067,0.390757,0.675838,0.245207,0.557156,-0.036219,-0.408748,-0.107147,-0.197662,-0.122348,0.0519903,-0.000212294,-0.0286834,-0.000398611,-0.00469928,-0.00222644,0,0,0,0,0,0,0,0,0,0,0,0,0,0,0,0,0,0,0,0,0,0,0,0,0,0,0,0,0,0,0,0,0,0,0,0,0,0,0,0,0,0,0,0,0,0,0,0,0,0,0,0,0,0,0,0,0,0,0,0
-0.0118607,-0.000457406,0.0633083,0.0742365,0.334056,0.297994,0.203002,0.163215,-0.529425,-0.0905662,-0.798984,-0.199863,-0.225343,0.0328061,0.676941,-0.148589,0.806341,-0.238907,0.0789695,-0.102802,-0.71396,0.212739,-0.730851,0.33799,-0.0829499,0.276352,0.6595,0.354878,0.55578,0.276694,-0.131594,0.0202652,-0.438761,-0.285759,-0.012202,-0.202587,0.00521975,0.0340749,-0.00473497,0.0233763,0,0,0,0,0,0,0,0,0,0,0,0,0,0,0,0,0,0,0,0,0,0,0,0,0,0,0,0,0,0,0,0,0,0,0,0,0,0,0,0,0,0,0,0,0,0,0,0,0,0,0,0,0,0,0,0,0,0,0,0
-0.0111778,-0.0053919,0.104903,0.102966,0.439331,0.312898,0.0548551,0.140432,-0.977867,-0.13302,-0.660035,-0.109679,0.500287,-0.0607515,1.01966,-0.30977,0.209613,-0.156055,-0.465177,0.188242,-0.937562,0.566868,-0.285314,0.389096,0.791585,0.265303,0.76295,0.194758,-0.12272,0.0886885,-0.542839,-0.328354,0.00925305,-0.143648,-0.000598037,0.0414408,-0.0162033,-0.0073527,-0.00655135,0.00142055,0,0,0,0,0,0,0,0,0,0,0,0,0,0,0,0,0,0,0,0,0,0,0,0,0,0,0,0,0,0,0,0,0,0,0,0,0,0,0,0,0,0,0,0,0,0,0,0,0,0,0,0,0,0,0,0,0,0,0,0
-0.00394371,0.0055402,0.252496,0.242625,0.362067,0.229177,-0.179184,0.138101,-0.669183,-0.135076,-0.605503,-0.287108,0.0779932,-0.102559,0.869665,-0.206175,0.487013,-0.142782,-0.217847,-0.115909,-0.508889,0.248159,-0.536605,0.412204,-0.141268,0.325051,0.308511,0.239585,0.520757,0.146534,0.129096,0.0261955,-0.0576574,-0.171666,-0.206458,-0.174553,-0.0313768,-0.0658048,-0.00021404,0.00921036,0,0,0,0,0,0,0,0,0,0,0,0,0,0,0,0,0,0,0,0,0,0,0,0,0,0,0,0,0,0,0,0,0,0,0,0,0,0,0,0,0,0,0,0,0,0,0,0,0,0,0,0,0,0,0,0,0,0,0,0
-0.00917348,0.0012922,0.11981,0.203396,0.323492,0.186608,0.0652351,0.0998912,-0.721515,-0.0447038,-0.516135,-0.255792,0.108821,-0.176466,0.84559,-0.141593,0.357548,0.0110064,-0.195762,-0.128753,-0.740081,0.210714,-0.322697,0.335345,0.0884832,0.423323,0.512141,0.245569,0.270871,0.0802991,-0.255307,-0.195232,-0.109741,-0.292202,0.0087509,0.03893,-0.0135915,-0.0121578,-0.00773039,0.00157138,0,0,0,0,0,0,0,0,0,0,0,0,0,0,0,0,0,0,0,0,0,0,0,0,0,0,0,0,0,0,0,0,0,0,0,0,0,0,0,0,0,0,0,0,0,0,0,0,0,0,0,0,0,0,0,0,0,0,0,0
-0.00812457,-0.000969616,0.0855737,0.132991,0.282128,0.271525,0.177317,0.13591,-0.375614,-0.00511419,-0.636993,-0.169831,-0.378613,-0.284694,0.317553,-0.198013,0.860003,-0.143085,0.246113,-0.0452534,-0.202842,-0.0372826,-0.518711,0.223948,-0.645283,0.409854,0.0645351,0.456125,0.614441,0.258102,0.260061,0.0443061,-0.106285,-0.12871,-0.139267,-0.177024,-0.0728199,-0.128525,-0.00216279,0.00402978,0,0,0,0,0,0,0,0,0,0,0,0,0,0,0,0,0,0,0,0,0,0,0,0,0,0,0,0,0,0,0,0,0,0,0,0,0,0,0,0,0,0,0,0,0,0,0,0,0,0,0,0,0,0,0,0,0,0,0,0
-0.0105159,0.00103807,0.143205,0.153104,0.260642,0.278722,-0.0133039,0.204682,-0.262204,-0.0551788,-0.781043,-0.344881,-0.319266,-0.225095,0.619549,-0.124663,0.79959,-0.157326,0.108039,-0.0955748,-0.615591,0.170932,-0.721403,0.444023,-0.113575,0.31449,0.4608,0.270693,0.592887,0.160155,0.0745352,0.0905125,-0.171484,-0.18722,-0.147503,-0.175741,-0.0575554,-0.0617243,-0.003854,-0.00936594,0,0,0,0,0,0,0,0,0,0,0,0,0,0,0,0,0,0,0,0,0,0,0,0,0,0,0,0,0,0,0,0,0,0,0,0,0,0,0,0,0,0,0,0,0,0,0,0,0,0,0,0,0,0,0,0,0,0,0,0
-0.00815593,-0.000134083,0.238217,0.169102,0.406332,0.275063,-0.436158,0.096754,-0.825888,-0.203692,-0.203526,-0.169016,0.735308,-0.142228,0.629568,-0.171832,-0.370898,0.118902,-0.719143,0.332073,-0.123399,0.180196,0.29836,0.227587,0.598151,0.168453,-0.0327374,0.156997,-0.24065,-0.169682,-0.0334756,-0.192547,-0.0160767,0.0248892,-0.00765028,-0.00732009,-0.00631473,-0.00682475,-0.0119782,0.00393016,0,0,0,0,0,0,0,0,0,0,0,0,0,0,0,0,0,0,0,0,0,0,0,0,0,0,0,0,0,0,0,0,0,0,0,0,0,0,0,0,0,0,0,0,0,0,0,0,0,0,0,0,0,0,0,0,0,0,0,0
-0.00837154,0.00275905,0.100699,0.185271,0.431248,0.20849,0.23765,0.190152,-0.633502,0.103604,-0.839568,-0.36497,-0.249451,-0.211789,0.590329,-0.147803,0.80424,-0.218015,0.251745,-0.113749,-0.346329,0.0452367,-0.700188,0.416023,-0.437317,0.57464,0.112139,0.412168,0.697071,0.184795,0.507139,-0.0015046,-0.223415,-0.153977,-0.286399,-0.2221,-0.0253092,-0.0614986,0.000226744,0.0101411,0,0,0,0,0,0,0,0,0,0,0,0,0,0,0,0,0,0,0,0,0,0,0,0,0,0,0,0,0,0,0,0,0,0,0,0,0,0,0,0,0,0,0,0,0,0,0,0,0,0,0,0,0,0,0,0,0,0,0,0
0.0200524,0.0169141,0.318423,0.273657,0.419704,0.463329,-0.0918544,0.15308,-0.916029,-0.309713,-0.917171,-0.47862,-0.00342765,-0.231174,0.968191,-0.118825,0.933268,-0.0756235,0.228586,-0.0240046,-0.612512,0.142899,-1.06335,0.401758,-0.581398,0.549597,0.174691,0.459867,0.686332,0.317356,0.890963,0.10784,0.175965,0.0658138,-0.460231,-0.125661,-0.293493,-0.292349,-0.0337351,-0.138816,0,0,0,0,0,0,0,0,0,0,0,0,0,0,0,0,0,0,0,0,0,0,0,0,0,0,0,0,0,0,0,0,0,0,0,0,0,0,0,0,0,0,0,0,0,0,0,0,0,0,0,0,0,0,0,0,0,0,0,0
0.0316975,0.0384993,0.337212,0.285416,0.326794,0.444953,-0.377475,0.0292223,-1.01878,-0.406839,-0.509152,-0.380409,0.40166,-0.138756,1.11648,0.0404446,0.62036,0.103902,-0.435572,0.0972393,-1.11961,0.263835,-0.727787,0.448488,0.142068,0.361072,0.885103,0.261864,0.635319,0.219708,-0.0694315,0.0734355,-0.462334,-0.26535,-0.186849,-0.250639,0.053158,0.0290323,-0.017026,0.00278409,0,0,0,0,0,0,0,0,0,0,0,0,0,0,0,0,0,0,0,0,0,0,0,0,0,0,0,0,0,0,0,0,0,0,0,0,0,0,0,0,0,0,0,0,0,0,0,0,0,0,0,0,0,0,0,0,0,0,0,0
0.209317,0.121731,0.378381,0.562085,-0.44205,0.0789538,-0.921357,-0.632073,-0.200436,-0.269292,0.481399,0.0701612,0.991294,-0.0250807,0.258472,-0.0453367,-0.478297,0.00933345,-0.672756,0.25925,-0.59698,0.449619,-0.108532,0.255517,0.37213,0.17617,0.773852,0.254343,0.288621,0.20193,-0.0472469,-0.00687929,-0.321594,-0.261989,-0.226398,-0.215077,0.0262196,0.024554,-0.00808096,-0.00194806,0,0,0,0,0,0,0,0,0,0,0,0,0,0,0,0,0,0,0,0,0,0,0,0,0,0,0,0,0,0,0,0,0,0,0,0,0,0,0,0,0,0,0,0,0,0,0,0,0,0,0,0,0,0,0,0,0,0,0,0
0.0720292,0.106061,0.413635,0.353618,0.270128,0.157776,-0.21652,-0.0203664,-0.832399,-0.146739,-0.626105,-0.173956,-0.30331,-0.0186295,0.321554,-0.0739861,1.10345,-0.160319,0.499283,-0.0340122,-0.139963,-0.0638607,-0.606989,0.0958085,-0.793996,0.39419,-0.120558,0.368174,0.344451,0.29072,0.528789,0.234817,0.275091,0.0749498,-0.130418,-0.0888422,-0.152083,-0.242208,-0.0518381,-0.11045,0,0,0,0,0,0,0,0,0,0,0,0,0,0,0,0,0,0,0,0,0,0,0,0,0,0,0,0,0,0,0,0,0,0,0,0,0,0,0,0,0,0,0,0,0,0,0,0,0,0,0,0,0,0,0,0,0,0,0,0
-0.0353578,-0.029268,0.208678,0.180322,0.359455,0.340463,-0.00177728,0.0931844,-0.778046,-0.136532,-0.60746,-0.179594,-0.107645,-0.115229,0.696744,-0.243471,0.712663,-0.148942,0.143895,-0.0168627,-0.389709,0.137411,-0.821896,0.291214,-0.36322,0.298028,0.165036,0.347973,0.602216,0.210705,0.366603,0.104121,-0.0977376,0.0523692,-0.142938,-0.16019,-0.105573,-0.119887,-0.0322222,-0.0368682,0,0,0,0,0,0,0,0,0,0,0,0,0,0,0,0,0,0,0,0,0,0,0,0,0,0,0,0,0,0,0,0,0,0,0,0,0,0,0,0,0,0,0,0,0,0,0,0,0,0,0,0,0,0,0,0,0,0,0,0
-0.00774598,-0.0274832,0.0141265,0.0273201,0.254057,0.231575,0.384494,0.188427,-0.330542,0.0643123,-0.827998,-0.111673,-0.4141,-0.168751,0.298708,-0.0835206,0.962318,-0.225278,0.449682,-0.154932,-0.302654,0.114478,-0.89416,0.424801,-0.535189,0.378568,0.353761,0.260541,0.79924,0.210617,0.23535,0.190419,-0.194953,0.0307408,-0.261011,-0.11308,-0.0950234,-0.203206,-0.0189595,-0.0932998,0,0,0,0,0,0,0,0,0,0,0,0,0,0,0,0,0,0,0,0,0,0,0,0,0,0,0,0,0,0,0,0,0,0,0,0,0,0,0,0,0,0,0,0,0,0,0,0,0,0,0,0,0,0,0,0,0,0,0,0
-0.010221,0.0231638,-0.0274795,-0.0163608,-0.0256201,-0.0807343,0.0881294,-0.208675,0.3113,-0.0331918,0.352125,0.350695,-0.222709,0.461019,-0.696125,0.284752,-0.463956,-0.186119,0.260134,-0.66501,0.314169,-0.233915,0.06554,0.358213,0.0435605,0.421184,-0.0516149,0.46655,0.0243123,0.286639,0.0462869,-0.31137,-0.0612773,-0.546198,-0.012844,-0.128052,-0.00172285,0.026539,-0.0162856,-0.0125322,0,0,0,0,0,0,0,0,0,0,0,0,0,0,0,0,0,0,0,0,0,0,0,0,0,0,0,0,0,0,0,0,0,0,0,0,0,0,0,0,0,0,0,0,0,0,0,0,0,0,0,0,0,0,0,0,0,0,0,0
-0.0113974,-0.00747245,-0.0312521,-0.0118721,-0.029147,-0.150735,0.356344,-0.233591,0.51432,0.268613,0.0606274,0.547456,-0.710681,0.438319,-0.737664,-0.0405583,-0.217081,-0.500905,0.410581,-0.550847,0.372394,-0.0758003,0.0518689,0.440253,-0.0184282,0.583888,-0.0282085,0.456093,-0.0118441,0.230984,0.0283194,-0.117388,0.00850878,-0.460569,-0.0129537,-0.37293,-0.000214057,-0.0351381,-0.00410925,0.0247219,0,0,0,0,0,0,0,0,0,0,0,0,0,0,0,0,0,0,0,0,0,0,0,0,0,0,0,0,0,0,0,0,0,0,0,0,0,0,0,0,0,0,0,0,0,0,0,0,0,0,0,0,0,0,0,0,0,0,0,0
-0.00567985,-0.0208118,-0.0105645,-0.0388494,0.148495,-0.217535,0.589343,-0.0488156,0.218944,0.442517,-0.379003,0.471051,-0.630477,0.257897,-0.535452,-0.11386,-0.0980932,-0.608346,0.47548,-0.584465,0.250914,0.119543,0.0534643,0.704819,0.0808409,0.570145,-0.0108922,0.288705,-0.0795163,0.0139619,-0.0483671,-0.254359,-0.000887772,-0.45357,0.0321356,-0.305013,-0.0128008,0.0485431,-0.00483693,0.0135145,0,0,0,0,0,0,0,0,0,0,0,0,0,0,0,0,0,0,0,0,0,0,0,0,0,0,0,0,0,0,0,0,0,0,0,0,0,0,0,0,0,0,0,0,0,0,0,0,0,0,0,0,0,0,0,0,0,0,0,0
-0.0112703,-0.0128996,-0.0217428,-0.00328792,0.0131978,-0.171473,0.391446,-0.19489,0.391562,0.34087,-0.13464,0.519348,-0.592254,0.352184,-0.528372,-0.00566157,-0.200168,-0.522862,0.438386,-0.692621,0.334778,-0.139804,0.0151977,0.551922,-0.0433685,0.713597,-0.0200569,0.445288,-0.0414198,0.144558,0.0401957,-0.291898,0.0624008,-0.565763,-0.0179921,-0.226596,-0.00445345,0.0560678,-0.0022909,-0.00446376,0,0,0,0,0,0,0,0,0,0,0,0,0,0,0,0,0,0,0,0,0,0,0,0,0,0,0,0,0,0,0,0,0,0,0,0,0,0,0,0,0,0,0,0,0,0,0,0,0,0,0,0,0,0,0,0,0,0,0,0
-0.0191451,-0.0135505,-0.00912921,-0.109164,0.400084,-0.244426,0.567039,0.209946,-0.0213211,0.615123,-0.532839,0.489019,-0.700521,0.143684,-0.651145,-0.329568,0.134383,-0.797082,0.649081,-0.687757,0.255728,0.224056,-0.0217729,0.916469,0.0387504,0.669981,-0.0105784,0.427652,-0.0118602,0.139169,0.0141647,-0.410569,-0.0505075,-0.763486,0.0139535,-0.283458,-0.00361113,0.104447,-0.0119278,0.0192254,0,0,0,0,0,0,0,0,0,0,0,0,0,0,0,0,0,0,0,0,0,0,0,0,0,0,0,0,0,0,0,0,0,0,0,0,0,0,0,0,0,0,0,0,0,0,0,0,0,0,0,0,0,0,0,0,0,0,0,0
-0.018877,-0.00269667,-0.0378023,-0.0418396,0.0661086,-0.24998,0.48306,-0.135431,0.433898,0.430043,-0.203386,0.60291,-0.595405,0.394873,-0.569566,0.0556046,-0.380842,-0.472066,0.198411,-0.811386,0.427073,-0.421097,0.211517,0.277687,0.0271876,0.743053,-0.0406201,0.788457,-0.0374336,0.553182,-0.0245577,-0.00431216,-0.00520603,-0.620826,0.081225,-0.56194,-0.0100161,-0.109585,-0.0193504,0.0431995,0,0,0,0,0,0,0,0,0,0,0,0,0,0,0,0,0,0,0,0,0,0,0,0,0,0,0,0,0,0,0,0,0,0,0,0,0,0,0,0,0,0,0,0,0,0,0,0,0,0,0,0,0,0,0,0,0,0,0,0
-0.00635238,0.00676713,-0.0120919,-0.00660119,0.125135,-0.122068,0.604812,-0.105425,0.245969,0.491109,-0.376819,0.636705,-0.717728,0.216713,-0.65458,-0.393387,0.110592,-0.854156,0.60164,-0.548979,0.236277,0.32858,-0.0991724,0.871909,-0.0492764,0.746905,-0.00754511,0.442742,0.0069782,-0.0230743,0.00873791,-0.454533,-0.03042,-0.440674,0.0114686,-0.234942,0.0210882,-0.0420216,-0.0135332,0.0130334,0,0,0,0,0,0,0,0,0,0,0,0,0,0,0,0,0,0,0,0,0,0,0,0,0,0,0,0,0,0,0,0,0,0,0,0,0,0,0,0,0,0,0,0,0,0,0,0,0,0,0,0,0,0,0,0,0,0,0,0
-0.0167455,0.00749747,-0.0281036,-0.0138209,0.0671184,-0.230274,0.515349,-0.162808,0.350461,0.512246,-0.183741,0.616694,-0.590641,0.278038,-0.694337,-0.209352,-0.28305,-0.619538,0.41497,-0.679168,0.480958,-0.211091,0.107316,0.58467,-0.0792238,0.90182,-0.0236294,0.611469,-0.0425171,0.251604,0.0137421,-0.281035,0.0433193,-0.628838,0.0516692,-0.430149,-0.0360097,-0.0404643,-0.00102479,0.0494655,0,0,0,0,0,0,0,0,0,0,0,0,0,0,0,0,0,0,0,0,0,0,0,0,0,0,0,0,0,0,0,0,0,0,0,0,0,0,0,0,0,0,0,0,0,0,0,0,0,0,0,0,0,0,0,0,0,0,0,0
-0.00220151,-0.00840113,-0.0178846,-0.0233575,0.101291,-0.217554,0.546391,-0.245872,0.340412,0.508884,-0.216631,0.708867,-0.4531,0.322211,-0.617741,-0.0471395,-0.577725,-0.574683,0.205655,-0.843455,0.498647,-0.42878,0.190154,0.21481,-0.0253089,0.726395,0.0462974,0.747863,0.0538293,0.536169,0.0204467,0.216661,0.032967,-0.29853,0.0199892,-0.650724,-0.0492459,-0.383152,-0.0494298,-0.0442984,0,0,0,0,0,0,0,0,0,0,0,0,0,0,0,0,0,0,0,0,0,0,0,0,0,0,0,0,0,0,0,0,0,0,0,0,0,0,0,0,0,0,0,0,0,0,0,0,0,0,0,0,0,0,0,0,0,0,0,0
-0.000625556,0.022469,-0.0129334,-0.00985518,0.0517398,-0.16321,0.460623,-0.228144,0.393278,0.360836,-0.174851,0.647249,-0.590241,0.354661,-0.632676,-0.0750979,-0.28616,-0.530176,0.363781,-0.711373,0.45317,-0.267324,0.119451,0.426478,-0.0481148,0.776059,-0.0559884,0.671885,-0.122626,0.44114,-0.052932,-0.0372894,0.0935053,-0.523819,0.224392,-0.636644,0.0444372,-0.204741,-0.043535,0.0780114,0,0,0,0,0,0,0,0,0,0,0,0,0,0,0,0,0,0,0,0,0,0,0,0,0,0,0,0,0,0,0,0,0,0,0,0,0,0,0,0,0,0,0,0,0,0,0,0,0,0,0,0,0,0,0,0,0,0,0,0
0.00926868,0.0192155,-0.0120387,-0.0280772,0.0569465,-0.251897,0.387614,-0.291431,0.330534,0.36837,-0.0355674,0.622552,-0.204051,0.394805,-0.45305,0.15628,-0.557607,-0.2563,-0.200845,-0.673837,0.422562,-0.666631,0.327927,-0.104669,-0.0350362,0.584366,0.0542389,0.759482,0.0779079,0.614041,-0.0550027,0.370226,-0.035968,-0.245829,0.0298912,-0.748875,-0.00694198,-0.41221,-0.00981175,0.010271,0,0,0,0,0,0,0,0,0,0,0,0,0,0,0,0,0,0,0,0,0,0,0,0,0,0,0,0,0,0,0,0,0,0,0,0,0,0,0,0,0,0,0,0,0,0,0,0,0,0,0,0,0,0,0,0,0,0,0,0
0.0147742,0.00666315,-0.0242456,-0.00664244,0.00951951,-0.102269,0.302962,-0.217281,0.317436,0.385287,-0.304707,0.579975,-0.523861,0.0613304,-0.346193,-0.555287,0.154296,-0.58973,0.372477,-0.0241028,0.0218222,0.757401,-0.0396268,0.715644,-0.00260683,0.222884,-0.0324495,-0.483829,0.089927,-0.541282,-0.0550067,-0.0104961,-0.0164605,0.00704889,-0.00329028,-0.00839614,-0.0111906,0.000638727,-0.00741779,-0.00315786,0,0,0,0,0,0,0,0,0,0,0,0,0,0,0,0,0,0,0,0,0,0,0,0,0,0,0,0,0,0,0,0,0,0,0,0,0,0,0,0,0,0,0,0,0,0,0,0,0,0,0,0,0,0,0,0,0,0,0,0
-0.0104766,-0.0184436,0.146065,-0.260917,0.543268,-0.0639576,0.138276,0.689196,-0.472621,0.538608,-0.653399,-0.0275347,-0.310318,-0.580416,0.3132,-0.672194,0.353505,-0.153743,0.112992,0.493694,-0.0998333,0.807133,-0.020747,0.563907,0.00881566,0.0941734,0.0474593,-0.5737,-0.00394308,-0.512704,-0.0273669,-0.0129869,0.0132877,0.0275539,-0.0126436,-0.0129546,-0.00889355,-0.0017038,-0.00802255,-0.00181363,0,0,0,0,0,0,0,0,0,0,0,0,0,0,0,0,0,0,0,0,0,0,0,0,0,0,0,0,0,0,0,0,0,0,0,0,0,0,0,0,0,0,0,0,0,0,0,0,0,0,0,0,0,0,0,0,0,0,0,0
-0.00999898,-0.00190261,-0.0108213,0.000733684,-0.0189656,-0.00723196,-0.0168454,-0.169688,0.30244,-0.217829,0.32938,0.543491,-0.186387,0.556216,-0.69179,0.0298,-0.511362,-0.644125,0.519711,-0.657644,0.238668,0.218658,-0.0628203,0.865173,0.0220879,0.62152,-0.0053987,0.160875,0.042245,-0.61266,0.0774603,-0.524002,-0.0315218,0.0767073,-0.0040968,0.0367319,-0.0124747,-0.0147015,-0.00690824,-0.0108993,0,0,0,0,0,0,0,0,0,0,0,0,0,0,0,0,0,0,0,0,0,0,0,0,0,0,0,0,0,0,0,0,0,0,0,0,0,0,0,0,0,0,0,0,0,0,0,0,0,0,0,0,0,0,0,0,0,0,0,0
-0.00667834,-0.0066637,-0.0145194,-0.00572458,-0.000553481,-0.1804,0.269011,-0.246053,0.362378,0.42878,-0.101427,0.652706,-0.510422,0.241859,-0.564856,-0.300995,-0.11628,-0.68211,0.473189,-0.505734,0.132065,0.318884,-0.0777956,0.890219,0.0292306,0.544762,-0.0195,0.0826253,-0.00565925,-0.454253,0.0306827,-0.467823,0.0323202,-0.0824686,-0.00356642,0.0242493,-0.0124445,-0.00705834,-0.0294954,0.0278985,0,0,0,0,0,0,0,0,0,0,0,0,0,0,0,0,0,0,0,0,0,0,0,0,0,0,0,0,0,0,0,0,0,0,0,0,0,0,0,0,0,0,0,0,0,0,0,0,0,0,0,0,0,0,0,0,0,0,0,0
0.0108756,-0.0240494,-0.0121781,-0.00241203,-0.0105047,-0.0818943,0.205796,-0.303568,0.416217,0.194554,-0.101755,0.765606,-0.48526,0.324375,-0.538416,-0.388294,-0.0296781,-0.882289,0.367585,-0.34136,0.103402,0.519448,0.0288658,0.768354,0.0293457,0.464768,-0.0690647,0.0436553,-0.11238,-0.413128,0.111707,-0.453309,0.0172154,-0.0699814,-0.0235684,0.0274775,-0.00366616,-0.0140311,-0.0104375,-0.000466103,0,0,0,0,0,0,0,0,0,0,0,0,0,0,0,0,0,0,0,0,0,0,0,0,0,0,0,0,0,0,0,0,0,0,0,0,0,0,0,0,0,0,0,0,0,0,0,0,0,0,0,0,0,0,0,0,0,0,0,0
-0.0321041,-0.0211781,-0.0213854,-0.22243,0.254698,-0.244413,0.521198,0.313897,0.219331,0.67582,-0.457327,0.508773,-0.768867,0.0104697,-0.520921,-0.690869,0.081817,-0.688602,0.418497,-0.263518,0.211976,0.46739,-0.0176528,0.837213,-0.0462276,0.566068,-0.0239338,0.158301,0.0518613,-0.334382,0.0578834,-0.595875,0.0434754,-0.334442,-0.0203286,0.0356923,-0.00983108,0.0392391,-0.00649215,-0.0177585,0,0,0,0,0,0,0,0,0,0,0,0,0,0,0,0,0,0,0,0,0,0,0,0,0,0,0,0,0,0,0,0,0,0,0,0,0,0,0,0,0,0,0,0,0,0,0,0,0,0,0,0,0,0,0,0,0,0,0,0
-0.010216,0.00220338,-0.028235,-0.106519,0.0450995,-0.320027,0.408653,0.0599185,0.226123,0.687362,-0.401329,0.47706,-0.701436,-0.211416,-0.319249,-0.634756,0.383857,-0.515184,0.282286,-0.00140213,-0.0027268,0.840212,0.0151835,0.711292,-0.00768207,0.157154,0.0155335,-0.5921,0.0306668,-0.497438,-0.0508793,0.012971,0.00579631,0.0164753,-0.0106719,-0.00305092,-0.00970286,-0.00203311,-0.00953718,-0.00245483,0,0,0,0,0,0,0,0,0,0,0,0,0,0,0,0,0,0,0,0,0,0,0,0,0,0,0,0,0,0,0,0,0,0,0,0,0,0,0,0,0,0,0,0,0,0,0,0,0,0,0,0,0,0,0,0,0,0,0,0
-0.0103582,-0.00127765,-0.0232906,-0.0921931,0.302435,-0.21622,0.403633,0.352293,-0.187959,0.583955,-0.585017,0.27723,-0.633132,-0.266612,0.0814544,-0.781691,0.647285,-0.505465,0.13201,0.379322,-0.107104,0.890302,-0.0184853,0.640011,-0.0641323,0.125377,0.0369539,-0.542732,0.117418,-0.569503,-0.0161558,-0.0324398,-0.0160371,0.0299604,-0.0111639,-0.0110849,-0.00799694,0.00338425,-0.00392254,-0.00451016,0,0,0,0,0,0,0,0,0,0,0,0,0,0,0,0,0,0,0,0,0,0,0,0,0,0,0,0,0,0,0,0,0,0,0,0,0,0,0,0,0,0,0,0,0,0,0,0,0,0,0,0,0,0,0,0,0,0,0,0
-0.00385301,-0.0135272,-0.00087675,-0.119788,0.202296,-0.168356,0.419331,0.251949,0.0283209,0.557507,-0.4482,0.403613,-0.668544,-0.0839126,-0.410819,-0.587633,0.418935,-0.768624,0.321544,-0.256071,0.0870752,0.533942,-0.0290357,0.878797,0.0332067,0.552515,0.0243048,0.145191,-0.109221,-0.187353,-0.0169162,-0.546274,0.0596056,-0.353964,-0.0221728,0.0424444,-0.0041515,0.0355555,-0.0117077,-0.00799635,0,0,0,0,0,0,0,0,0,0,0,0,0,0,0,0,0,0,0,0,0,0,0,0,0,0,0,0,0,0,0,0,0,0,0,0,0,0,0,0,0,0,0,0,0,0,0,0,0,0,0,0,0,0,0,0,0,0,0,0
-0.00589907,0.00128583,-0.0115855,-0.0347622,0.0499235,-0.245528,0.365565,-0.218358,0.353975,0.532092,-0.109609,0.633481,-0.535085,0.293358,-0.689491,-0.246792,-0.0262289,-0.819497,0.534784,-0.613498,0.112309,0.115541,0.0179705,0.755809,0.0168677,0.811639,-0.0730856,0.435865,-0.0851105,-0.114365,0.114389,-0.664847,0.103355,-0.486645,-0.0404941,0.0290878,0.00138736,0.0356795,-0.00568536,-0.0233624,0,0,0,0,0,0,0,0,0,0,0,0,0,0,0,0,0,0,0,0,0,0,0,0,0,0,0,0,0,0,0,0,0,0,0,0,0,0,0,0,0,0,0,0,0,0,0,0,0,0,0,0,0,0,0,0,0,0,0,0
-0.0217555,-0.0206436,-0.0593686,-0.221408,0.0348006,-0.238994,0.34902,-0.0107916,0.413193,0.475355,-0.0500014,0.651749,-0.615218,0.235001,-0.642901,-0.492688,0.0908489,-0.784728,0.35071,-0.362534,0.170589,0.239826,-0.00509182,0.751119,-0.018153,0.692715,-0.0178526,0.409097,0.0523893,-0.124149,0.00813378,-0.655268,0.0185231,-0.484989,0.0266214,-0.0457027,-0.0254831,0.0667387,-0.00728186,0.00743765,0,0,0,0,0,0,0,0,0,0,0,0,0,0,0,0,0,0,0,0,0,0,0,0,0,0,0,0,0,0,0,0,0,0,0,0,0,0,0,0,0,0,0,0,0,0,0,0,0,0,0,0,0,0,0,0,0,0,0,0
-0.0113315,-0.00752236,-0.0562077,-0.114749,0.0589657,-0.308511,0.448393,-0.112483,0.41094,0.587219,-0.0888743,0.765082,-0.595515,0.280811,-0.537796,-0.25313,-0.293445,-0.5634,0.126478,-0.588492,0.414243,-0.294361,0.191872,0.320248,-0.073244,0.904134,-0.0341492,0.711712,-0.0251399,0.153356,0.0517432,-0.45874,0.00434342,-0.508782,0.0164412,-0.212147,0.00230752,-0.000563468,-0.0124533,0.00484085,0,0,0,0,0,0,0,0,0,0,0,0,0,0,0,0,0,0,0,0,0,0,0,0,0,0,0,0,0,0,0,0,0,0,0,0,0,0,0,0,0,0,0,0,0,0,0,0,0,0,0,0,0,0,0,0,0,0,0,0
-0.00911884,-0.00861678,-0.0394377,-0.106239,-0.00126602,-0.256134,0.0545844,-0.257438,0.0538306,-0.0382673,-0.0328322,0.164767,-0.0463144,0.200327,0.315172,0.0655536,0.438596,0.442686,-0.498431,0.629047,-0.961468,-0.330487,0.202096,-0.796062,0.596312,-0.0821743,-0.146161,0.802268,-0.0728629,0.644549,0.0120551,0.0990763,0.0525894,-0.528307,0.037749,-0.435402,-0.0379214,-0.00933347,-0.00062097,0.0406444,0,0,0,0,0,0,0,0,0,0,0,0,0,0,0,0,0,0,0,0,0,0,0,0,0,0,0,0,0,0,0,0,0,0,0,0,0,0,0,0,0,0,0,0,0,0,0,0,0,0,0,0,0,0,0,0,0,0,0,0
-0.0097966,-0.0062577,-0.0306067,-0.0361089,-0.000930987,-0.24918,0.384071,-0.197344,0.414089,0.574997,-0.263459,0.691305,-0.704504,0.172647,-0.613634,-0.552662,0.265566,-0.82988,0.431916,-0.267588,0.00574617,0.738391,0.100711,0.789837,-0.0567597,0.527709,-0.0539683,-0.0182067,0.112343,-0.664024,-0.0282927,-0.414879,0.0183079,-0.0318214,-0.00158067,0.0434062,-0.0252914,0.0118969,-0.0129484,3.75E-05,0,0,0,0,0,0,0,0,0,0,0,0,0,0,0,0,0,0,0,0,0,0,0,0,0,0,0,0,0,0,0,0,0,0,0,0,0,0,0,0,0,0,0,0,0,0,0,0,0,0,0,0,0,0,0,0,0,0,0,0
