-0.008,0.018,0.968,0.018,0.008,-0.042,0.031,0.984,0.031,0.043,0.106,-0.072,0.989,-0.072,-0.107,0.186,0.058,1.021,0.056,-0.181,0.051,0.148,0.983,0.149,-0.052,-0.201,-0.011,0.993,-0.011,0.2,0.242,-0.033,0.986,-0.033,-0.241,-0.008,0.017,0.985,0.018,0.009,-0.007,0.017,0.984,0.017,0.007,-0.007,0.017,0.984,0.017,0.007
-0.006,0.017,0.984,0.017,0.006,-0.16,0.023,0.983,0.023,0.161,-0.064,-0.083,0.966,-0.085,0.066,0.147,0.034,0.987,0.034,-0.148,0.034,0.146,0.981,0.148,-0.034,-0.289,0.017,1.008,0.016,0.279,0.018,-0.12,0.985,-0.121,-0.019,-0.034,0.019,0.984,0.019,0.034,-0.006,0.017,0.984,0.017,0.006,-0.007,0.017,0.985,0.018,0.007
-0.007,0.017,0.984,0.017,0.008,-0.059,-0.049,0.977,-0.05,0.06,0.076,-0.102,0.973,-0.104,-0.078,0.228,0.165,0.979,0.163,-0.229,-0.161,0.179,0.979,0.179,0.163,-0.203,-0.033,0.984,-0.032,0.204,0.091,-0.12,0.972,-0.122,-0.093,-0.032,0.017,0.983,0.018,0.032,-0.007,0.017,0.984,0.017,0.008,-0.007,0.017,0.984,0.017,0.007
-0.041,0.02,0.983,0.02,0.042,-0.016,-0.12,0.987,-0.121,0.016,0.171,0.073,0.966,0.075,-0.176,0.096,0.154,0.998,0.152,-0.096,-0.177,0.014,0.973,0.014,0.18,0.03,-0.131,0.982,-0.132,-0.031,-0.02,0.019,0.984,0.019,0.021,-0.006,0.017,0.984,0.017,0.006,-0.006,0.016,0.984,0.017,0.006,-0.007,0.016,0.984,0.016,0.008
-0.052,0.014,0.984,0.014,0.052,-0.104,-0.069,0.983,-0.07,0.105,0.101,-0.075,0.996,-0.075,-0.101,0.29,0.2,0.971,0.195,-0.29,-0.266,0.13,0.956,0.131,0.271,-0.235,-0.049,0.992,-0.048,0.232,0.2,-0.072,0.981,-0.071,-0.201,-0.014,0.018,0.984,0.018,0.014,-0.008,0.017,0.985,0.017,0.008,-0.007,0.017,0.984,0.018,0.008
-0.099,0.035,0.983,0.035,0.1,0.06,-0.144,0.993,-0.143,-0.06,0.191,0.124,0.969,0.124,-0.194,0.002,0.18,0.994,0.179,-0.002,-0.214,-0.029,1.02,-0.028,0.207,0.225,-0.07,0.981,-0.069,-0.226,-0.002,0.016,0.985,0.016,0.002,-0.007,0.017,0.984,0.017,0.007,-0.007,0.017,0.985,0.017,0.007,-0.007,0.016,0.985,0.017,0.007
-0.008,0.017,0.985,0.017,0.008,-0.076,-0.067,0.98,-0.068,0.078,0.081,-0.073,0.98,-0.074,-0.083,0.228,0.142,0.978,0.14,-0.229,-0.02,0.188,0.996,0.187,0.021,-0.241,0.019,0.979,0.019,0.241,-0.017,-0.155,0.995,-0.155,0.017,-0.041,0.025,0.985,0.026,0.042,-0.01,0.018,0.985,0.018,0.01,-0.007,0.017,0.984,0.017,0.007
-0.11,0.004,0.986,0.004,0.111,-0.026,-0.126,0.98,-0.128,0.027,0.227,0.045,0.98,0.045,-0.228,0.113,0.187,0.997,0.184,-0.113,-0.252,0.112,0.998,0.108,0.247,-0.141,-0.09,0.973,-0.091,0.144,0.199,-0.031,0.986,-0.031,-0.199,-0.007,0.019,0.985,0.019,0.008,-0.007,0.017,0.984,0.017,0.007,-0.007,0.017,0.984,0.017,0.007
-0.008,0.017,0.985,0.017,0.008,-0.099,-0.015,0.984,-0.015,0.1,0.025,-0.089,0.974,-0.091,-0.026,0.124,0.032,0.969,0.032,-0.127,0.122,0.119,0.998,0.117,-0.122,-0.209,0.127,0.996,0.124,0.207,-0.165,-0.031,0.984,-0.031,0.166,0.121,-0.099,0.983,-0.099,-0.122,-0.03,0.013,0.983,0.013,0.031,-0.009,0.016,0.984,0.017,0.009
-0.094,0.023,0.984,0.023,0.095,-0.012,-0.07,0.987,-0.071,0.012,0.123,-0.026,0.967,-0.026,-0.126,0.168,0.149,0.982,0.149,-0.17,-0.089,0.118,1,0.117,0.089,-0.22,-0.026,0.978,-0.026,0.221,0.108,-0.098,0.98,-0.099,-0.11,0.035,0.038,0.985,0.038,-0.035,-0.006,0.018,0.984,0.018,0.006,-0.007,0.017,0.984,0.017,0.007
-0.063,0.027,0.985,0.027,0.064,-0.017,-0.099,0.984,-0.1,0.017,0.204,0.017,0.977,0.017,-0.206,0.107,0.135,0.982,0.136,-0.109,-0.299,0.091,0.987,0.088,0.294,-0.117,-0.077,0.997,-0.077,0.117,0.258,-0.018,0.993,-0.018,-0.255,0.003,0.016,0.984,0.016,-0.003,-0.006,0.016,0.985,0.017,0.006,-0.006,0.017,0.985,0.017,0.006
-0.102,0.002,0.985,0.002,0.103,-0.01,-0.083,0.983,-0.085,0.01,0.243,0.154,0.965,0.154,-0.247,-0.291,0.158,0.976,0.153,0.29,-0.175,-0.133,0.989,-0.132,0.176,0.146,0.063,0.983,0.063,-0.147,-0.009,0.019,0.984,0.019,0.009,-0.006,0.017,0.984,0.017,0.007,-0.006,0.017,0.984,0.017,0.007,-0.007,0.017,0.984,0.017,0.007
-0.007,0.017,0.984,0.017,0.007,-0.007,0.017,0.984,0.017,0.007,-0.007,-0.08,0.986,-0.081,0.007,-0.006,-0.02,0.987,-0.02,0.006,-0.039,0.084,0.974,0.086,0.04,0.002,0.091,0.982,0.093,-0.002,-0.007,0.023,0.983,0.023,0.007,-0.009,0.019,0.984,0.019,0.009,-0.009,0.019,0.985,0.019,0.009,-0.008,0.019,0.984,0.019,0.009
-0.008,0.014,0.985,0.015,0.008,-0.008,-0.026,0.984,-0.026,0.008,-0.011,-0.026,0.979,-0.027,0.012,0.028,-0.011,0.984,-0.011,-0.029,-0.032,0.087,0.975,0.089,0.033,0.004,0.064,0.982,0.065,-0.004,-0.008,0.019,0.985,0.02,0.008,-0.007,0.018,0.984,0.019,0.008,-0.008,0.019,0.984,0.019,0.008,-0.008,0.019,0.984,0.019,0.008
-0.007,0.016,0.984,0.016,0.007,-0.008,0.017,0.985,0.017,0.008,-0.016,-0.032,0.982,-0.032,0.017,-0.004,-0.026,0.98,-0.026,0.004,-0.017,0.009,0.99,0.009,0.017,0,0.036,0.98,0.037,0,-0.01,0.074,0.983,0.075,0.01,-0.01,0.014,0.986,0.014,0.01,-0.007,0.019,0.984,0.019,0.008,-0.008,0.018,0.985,0.018,0.008
-0.008,0.016,0.984,0.017,0.008,-0.014,-0.036,0.983,-0.037,0.014,0.004,0,0.989,0,-0.004,-0.004,-0.008,0.983,-0.008,0.005,-0.013,0.041,0.979,0.042,0.013,0.016,0.087,0.983,0.088,-0.016,-0.008,0.016,0.984,0.016,0.008,-0.009,0.018,0.984,0.018,0.009,-0.008,0.018,0.984,0.018,0.008,-0.008,0.018,0.984,0.019,0.008
-0.007,0.016,0.985,0.017,0.007,-0.004,0.014,0.984,0.014,0.004,-0.005,-0.026,0.983,-0.027,0.005,0.001,-0.032,0.979,-0.033,-0.001,0.002,0.016,0.979,0.017,-0.002,0.002,0.068,0.979,0.069,-0.002,-0.014,0.027,0.985,0.027,0.014,-0.008,0.018,0.985,0.019,0.008,-0.008,0.018,0.984,0.019,0.008,-0.007,0.019,0.984,0.019,0.008
-0.007,0.016,0.985,0.017,0.007,-0.007,-0.024,0.985,-0.024,0.007,-0.021,-0.031,0.987,-0.031,0.022,-0.018,0.018,0.983,0.018,0.018,-0.002,0.025,0.981,0.026,0.002,-0.003,0.081,0.982,0.082,0.004,-0.003,0.042,0.984,0.042,0.003,-0.008,0.019,0.985,0.019,0.008,-0.008,0.018,0.985,0.018,0.008,-0.008,0.018,0.985,0.018,0.008
-0.007,0.016,0.984,0.017,0.007,-0.016,-0.03,0.985,-0.03,0.016,-0.018,-0.03,0.983,-0.03,0.019,0.028,0.03,0.971,0.03,-0.029,-0.004,0.034,0.998,0.035,0.004,0.02,0.12,0.98,0.122,-0.021,-0.008,0.018,0.984,0.018,0.008,-0.008,0.018,0.984,0.018,0.008,-0.008,0.018,0.984,0.018,0.008,-0.008,0.018,0.984,0.018,0.008
-0.006,0.015,0.985,0.016,0.006,0,-0.042,0.983,-0.042,0,0.011,-0.002,0.983,-0.002,-0.011,0.008,0.024,0.989,0.024,-0.008,0.016,0.054,0.979,0.055,-0.016,-0.014,0.05,0.984,0.05,0.014,-0.009,0.019,0.985,0.02,0.009,-0.009,0.018,0.984,0.018,0.009,-0.009,0.018,0.985,0.019,0.009,-0.009,0.018,0.985,0.019,0.009
-0.006,0.013,0.985,0.013,0.006,-0.003,-0.052,0.982,-0.053,0.003,0.004,-0.012,0.982,-0.012,-0.004,-0.043,0.001,0.987,0.001,0.044,-0.018,0.082,0.984,0.083,0.018,-0.009,0.023,0.985,0.024,0.009,-0.009,0.018,0.984,0.019,0.009,-0.008,0.018,0.984,0.018,0.008,-0.009,0.018,0.984,0.018,0.009,-0.008,0.018,0.984,0.018,0.008
-0.007,0.017,0.985,0.017,0.007,-0.006,-0.053,0.983,-0.054,0.006,-0.015,-0.014,0.979,-0.015,0.015,-0.023,0.02,0.98,0.02,0.024,0.017,0.056,0.992,0.057,-0.017,0.002,0.097,0.984,0.098,-0.002,-0.008,0.02,0.984,0.021,0.008,-0.009,0.018,0.985,0.019,0.009,-0.008,0.018,0.985,0.019,0.008,-0.009,0.018,0.985,0.018,0.009
-0.007,0.017,0.985,0.017,0.007,-0.012,-0.016,0.984,-0.016,0.012,-0.05,-0.05,0.986,-0.051,0.051,0.03,0.022,0.981,0.022,-0.031,-0.008,0.054,0.988,0.055,0.008,0.01,0.08,0.983,0.082,-0.01,-0.007,0.02,0.984,0.021,0.007,-0.008,0.018,0.985,0.018,0.008,-0.008,0.018,0.984,0.018,0.008,-0.008,0.018,0.984,0.018,0.008
-0.007,0.017,0.985,0.017,0.007,-0.014,-0.044,0.983,-0.045,0.014,-0.038,-0.027,0.983,-0.027,0.038,-0.032,0.022,0.985,0.023,0.033,0.012,0.045,0.994,0.045,-0.012,-0.012,0.092,0.984,0.093,0.012,-0.009,0.02,0.985,0.021,0.009,-0.008,0.018,0.985,0.019,0.009,-0.008,0.018,0.985,0.018,0.008,-0.008,0.018,0.985,0.018,0.008
-0.009,0.007,0.985,0.007,0.009,-0.016,-0.053,0.981,-0.054,0.017,0.005,0.012,0.98,0.012,-0.005,-0.031,0.006,0.975,0.006,0.032,0.015,0.085,0.986,0.086,-0.016,-0.013,0.035,0.985,0.035,0.013,-0.009,0.019,0.985,0.019,0.009,-0.008,0.018,0.984,0.019,0.008,-0.008,0.018,0.985,0.019,0.008,-0.007,0.018,0.985,0.018,0.007
-0.007,0.016,0.986,0.017,0.007,-0.01,-0.053,0.983,-0.054,0.01,-0.012,-0.016,0.981,-0.016,0.013,-0.024,0.032,0.973,0.033,0.024,0.034,0.048,0.974,0.049,-0.035,0.004,0.126,0.983,0.128,-0.004,-0.012,0.01,0.984,0.01,0.012,-0.009,0.017,0.986,0.017,0.009,-0.008,0.018,0.985,0.018,0.008,-0.009,0.017,0.985,0.017,0.009
-0.006,0.01,0.984,0.01,0.006,-0.023,-0.029,0.985,-0.03,0.023,-0.006,0.003,0.99,0.003,0.006,-0.044,0.017,0.983,0.017,0.045,0.002,0.1,0.981,0.102,-0.002,-0.007,0.018,0.984,0.019,0.007,-0.008,0.018,0.985,0.018,0.008,-0.008,0.018,0.985,0.019,0.008,-0.008,0.018,0.985,0.019,0.009,-0.008,0.019,0.984,0.019,0.008
-0.003,0.025,0.984,0.025,0.003,0.068,0.035,0.985,0.035,-0.069,0.034,-0.126,0.97,-0.13,-0.035,-0.385,-0.044,0.967,-0.042,0.379,0.012,-0.017,0.999,-0.017,-0.012,0.174,0.072,0.984,0.072,-0.175,-0.17,-0.022,0.958,-0.023,0.176,0.029,0.02,0.985,0.02,-0.029,-0.011,0.018,0.984,0.019,0.011,-0.011,0.018,0.985,0.019,0.011
0.001,0.032,0.985,0.032,-0.001,0.09,0.012,0.98,0.012,-0.091,-0.156,-0.149,0.993,-0.147,0.156,-0.067,0.071,0.982,0.071,0.068,0.301,0.107,0.987,0.104,-0.296,-0.027,0,0.98,0,0.028,-0.096,0.009,0.987,0.009,0.097,-0.009,0.019,0.985,0.019,0.009,-0.01,0.019,0.984,0.019,0.01,-0.011,0.019,0.984,0.02,0.011
-0.008,0.028,0.985,0.029,0.008,0.105,-0.03,0.978,-0.03,-0.107,-0.151,-0.134,0.967,-0.136,0.155,-0.057,0.101,1.001,0.101,0.056,0.258,0.167,0.978,0.163,-0.258,-0.15,-0.018,0.977,-0.018,0.152,0.008,0.019,0.984,0.019,-0.008,-0.006,0.019,0.985,0.02,0.006,-0.011,0.019,0.986,0.019,0.011,-0.011,0.018,0.985,0.019,0.011
-0.007,0.106,0.984,0.107,0.007,0.112,-0.17,0.98,-0.171,-0.114,-0.352,-0.139,0.978,-0.133,0.345,-0.01,0.068,0.983,0.069,0.011,0.265,0.115,0.981,0.113,-0.264,-0.077,0.009,0.99,0.009,0.078,0.015,0.019,0.986,0.019,-0.015,-0.01,0.019,0.985,0.019,0.01,-0.011,0.019,0.986,0.019,0.011,-0.011,0.019,0.986,0.019,0.011
0.04,0.096,0.984,0.097,-0.04,0.078,-0.154,0.967,-0.158,-0.081,-0.172,-0.032,0.982,-0.032,0.173,-0.11,0.052,0.984,0.053,0.112,0.292,0.11,0.981,0.107,-0.289,0.063,0.011,0.978,0.011,-0.064,-0.271,-0.029,0.976,-0.028,0.271,-0.021,0.017,0.985,0.017,0.022,-0.013,0.018,0.985,0.018,0.013,-0.012,0.019,0.985,0.019,0.012
0.048,0.11,0.983,0.111,-0.048,0.112,-0.141,0.957,-0.146,-0.117,-0.297,-0.127,0.981,-0.123,0.294,-0.089,0.042,0.985,0.043,0.091,0.441,0.187,0.992,0.171,-0.419,0.058,0.005,0.989,0.005,-0.059,-0.253,-0.001,0.984,-0.001,0.252,-0.022,0.018,0.985,0.018,0.022,-0.012,0.018,0.987,0.019,0.013,-0.012,0.018,0.986,0.019,0.012
-0.011,0.033,0.984,0.034,0.012,0.152,-0.048,0.983,-0.048,-0.153,-0.198,-0.109,0.979,-0.108,0.2,-0.099,0.055,0.97,0.056,0.101,0.37,0.147,0.983,0.139,-0.36,-0.175,-0.01,0.969,-0.01,0.179,0.015,0.02,0.986,0.02,-0.015,-0.012,0.019,0.985,0.019,0.013,-0.012,0.018,0.985,0.019,0.013,-0.012,0.018,0.986,0.018,0.013
0.022,0.13,0.983,0.131,-0.022,0.09,-0.187,0.981,-0.187,-0.091,-0.309,-0.107,0.998,-0.102,0.3,0.043,0.043,0.991,0.043,-0.043,0.356,0.178,0.99,0.168,-0.345,-0.206,-0.027,0.991,-0.026,0.205,0.021,0.023,0.986,0.023,-0.021,-0.01,0.019,0.986,0.019,0.01,-0.012,0.019,0.986,0.019,0.012,-0.012,0.019,0.986,0.019,0.012
0.053,0.133,0.985,0.134,-0.054,0.017,-0.179,0.979,-0.181,-0.017,-0.226,-0.047,0.987,-0.047,0.225,0.155,0.094,0.989,0.094,-0.156,0.269,0.106,0.987,0.103,-0.266,-0.13,0.024,0.979,0.025,0.132,0.006,0.022,0.985,0.022,-0.006,-0.012,0.019,0.986,0.019,0.012,-0.011,0.018,0.985,0.019,0.011,-0.011,0.019,0.985,0.019,0.012
0,0.033,0.985,0.034,0,0.159,0.034,0.984,0.034,-0.16,-0.138,-0.18,0.994,-0.177,0.138,-0.238,0,0.994,0,0.235,0.06,0.023,0.986,0.023,-0.06,0.26,0.054,0.981,0.053,-0.259,-0.154,-0.012,1.003,-0.011,0.152,0.008,0.022,0.986,0.022,-0.008,-0.009,0.019,0.985,0.019,0.009,-0.013,0.019,0.986,0.019,0.013
0.006,0.045,0.985,0.046,-0.006,0.164,0.001,0.997,0.001,-0.163,-0.114,-0.162,0.997,-0.16,0.114,-0.207,-0.015,0.967,-0.015,0.21,0.114,0.084,0.989,0.085,-0.115,0.263,0.043,0.979,0.043,-0.262,-0.179,-0.01,1.016,-0.009,0.174,0.031,0.018,0.987,0.018,-0.032,-0.008,0.019,0.986,0.019,0.008,-0.011,0.019,0.985,0.019,0.011
0.044,0.09,0.986,0.091,-0.044,0.04,-0.144,0.99,-0.144,-0.04,-0.345,-0.077,0.981,-0.074,0.338,-0.029,0.094,0.994,0.094,0.029,0.299,0.031,0.983,0.03,-0.296,-0.217,-0.004,0.976,-0.004,0.219,0.004,0.023,0.985,0.023,-0.005,-0.012,0.022,0.985,0.022,0.012,-0.011,0.022,0.986,0.022,0.011,-0.01,0.022,0.985,0.023,0.01
-0.009,0.024,0.986,0.024,0.009,0.167,0.047,0.981,0.047,-0.169,-0.034,-0.121,0.975,-0.124,0.035,-0.225,-0.015,1.006,-0.015,0.22,0.05,0.087,0.981,0.089,-0.051,0.247,0.036,0.981,0.036,-0.247,-0.289,-0.01,0.989,-0.01,0.285,0.013,0.017,0.986,0.018,-0.013,-0.011,0.018,0.985,0.018,0.012,-0.011,0.019,0.985,0.019,0.012
-0.008,0.022,0.986,0.022,0.008,0.135,-0.004,0.995,-0.004,-0.134,-0.145,-0.139,0.987,-0.139,0.146,-0.137,0.09,0.979,0.091,0.139,0.276,0.074,1.004,0.071,-0.268,0.095,-0.008,1.002,-0.008,-0.094,-0.201,-0.009,0.98,-0.009,0.202,-0.011,0.018,0.985,0.018,0.011,-0.01,0.019,0.985,0.019,0.01,-0.01,0.019,0.986,0.019,0.011
0.036,0.097,0.985,0.098,-0.037,0.082,-0.067,0.977,-0.068,-0.084,-0.224,-0.104,0.98,-0.103,0.225,-0.047,0.068,0.979,0.069,0.048,0.316,0.107,0.983,0.103,-0.311,0.074,-0.005,1.003,-0.005,-0.074,-0.312,0.006,0.975,0.006,0.309,-0.021,0.019,0.985,0.019,0.021,-0.011,0.019,0.985,0.019,0.011,-0.011,0.019,0.986,0.019,0.011
0.047,0.109,0.985,0.11,-0.048,0.077,-0.118,0.978,-0.12,-0.079,-0.131,-0.093,0.992,-0.093,0.131,-0.191,0.055,1.005,0.054,0.188,0.206,0.049,0.961,0.05,-0.211,0.182,0.017,0.976,0.017,-0.184,-0.341,-0.005,0.977,-0.005,0.336,-0.003,0.022,0.985,0.023,0.003,-0.012,0.019,0.985,0.019,0.012,-0.012,0.019,0.985,0.019,0.012
-0.024,0.102,0.985,0.104,0.024,0.156,-0.101,0.965,-0.103,-0.16,-0.111,-0.105,0.984,-0.106,0.112,-0.197,0.015,0.996,0.015,0.196,0.094,0.02,0.983,0.021,-0.095,0.287,0.042,0.985,0.041,-0.283,-0.186,-0.011,0.964,-0.012,0.19,0.018,0.021,0.985,0.021,-0.018,-0.008,0.019,0.986,0.02,0.008,-0.011,0.019,0.986,0.019,0.011
0.008,0.137,0.985,0.139,-0.008,0.045,-0.173,0.973,-0.176,-0.046,-0.225,-0.103,0.98,-0.102,0.225,-0.117,0.088,0.998,0.088,0.117,0.282,0.061,0.996,0.059,-0.276,0.178,0.03,0.975,0.03,-0.18,-0.261,-0.024,0.97,-0.024,0.263,-0.011,0.019,0.986,0.02,0.011,-0.012,0.019,0.986,0.019,0.012,-0.011,0.019,0.986,0.019,0.011
0.059,0.098,0.986,0.099,-0.06,0.119,-0.09,1.009,-0.089,-0.117,-0.148,-0.115,0.986,-0.115,0.149,-0.158,0.036,0.973,0.036,0.161,0.022,0.039,0.976,0.04,-0.023,0.302,0.067,0.983,0.065,-0.298,-0.178,-0.004,0.974,-0.004,0.181,0.014,0.015,0.984,0.016,-0.014,-0.009,0.018,0.985,0.019,0.009,-0.012,0.018,0.986,0.019,0.012
-0.026,0.033,0.986,0.034,0.027,0.235,0.018,0.982,0.017,-0.234,-0.105,-0.145,0.969,-0.148,0.108,-0.188,-0.041,0.991,-0.04,0.187,0.044,0.064,0.978,0.065,-0.045,0.341,0.06,0.989,0.058,-0.332,-0.342,-0.029,0.999,-0.027,0.33,0.002,0.019,0.987,0.019,-0.002,-0.011,0.019,0.986,0.019,0.012,-0.011,0.018,0.986,0.019,0.011
0.034,0.123,0.985,0.124,-0.034,0.034,-0.222,0.97,-0.225,-0.035,-0.243,-0.047,0.981,-0.046,0.243,-0.045,0.068,0.985,0.069,0.046,0.366,0.088,0.986,0.084,-0.355,-0.119,-0.001,0.961,-0.001,0.124,0.027,0.019,0.984,0.02,-0.027,-0.01,0.019,0.986,0.019,0.011,-0.012,0.018,0.985,0.018,0.012,-0.011,0.019,0.986,0.019,0.011
-0.005,0.02,0.986,0.02,0.005,0.192,-0.005,0.977,-0.005,-0.194,-0.19,-0.156,0.999,-0.152,0.188,-0.226,0.098,0.997,0.096,0.223,0.298,0.043,0.99,0.042,-0.292,0.093,0.013,0.977,0.014,-0.095,-0.267,-0.002,0.983,-0.002,0.265,-0.02,0.018,0.985,0.018,0.02,-0.011,0.018,0.986,0.019,0.011,-0.01,0.018,0.986,0.019,0.011
-0.013,0.044,0.985,0.045,0.013,0.264,-0.033,0.987,-0.032,-0.262,-0.281,-0.196,0.978,-0.19,0.28,-0.162,0.118,0.973,0.119,0.165,0.282,0.1,0.988,0.097,-0.278,0.227,-0.031,0.991,-0.031,-0.225,-0.426,-0.001,0.982,-0.001,0.409,-0.009,0.019,0.986,0.019,0.009,-0.011,0.019,0.986,0.019,0.011,-0.011,0.019,0.985,0.019,0.012
-0.007,0.016,0.969,0.016,0.007,0.038,0.041,0.984,0.041,-0.038,-0.013,-0.176,1.009,-0.173,0.013,-0.381,0.173,0.979,0.163,0.371,0.532,-0.02,0.996,-0.018,-0.491,-0.415,-0.002,0.978,-0.002,0.401,0.202,0.088,0.984,0.088,-0.202,-0.014,0.021,0.984,0.021,0.014,-0.009,0.018,0.986,0.018,0.009,-0.01,0.018,0.986,0.018,0.01
0.003,0.025,0.985,0.026,-0.003,0.141,-0.141,0.983,-0.141,-0.143,-0.417,-0.004,0.994,-0.004,0.397,0.432,0.059,0.978,0.055,-0.416,-0.059,-0.238,0.973,-0.239,0.06,-0.363,0.123,0.992,0.116,0.351,0.201,0.006,0.994,0.006,-0.2,-0.046,0.008,0.984,0.008,0.046,-0.012,0.017,0.986,0.017,0.012,-0.01,0.017,0.986,0.018,0.01
0.005,0.024,0.986,0.024,-0.005,-0.078,-0.186,0.992,-0.185,0.078,-0.328,0.192,0.99,0.182,0.32,0.576,-0.058,0.992,-0.051,-0.526,-0.586,-0.001,0.992,-0.001,0.534,0.191,0.051,0.964,0.052,-0.195,-0.047,0.007,0.985,0.007,0.048,-0.011,0.017,0.985,0.018,0.012,-0.01,0.018,0.985,0.018,0.01,-0.009,0.018,0.985,0.018,0.01
0.01,0.028,0.986,0.028,-0.01,0.072,-0.228,0.991,-0.226,-0.072,-0.546,0.076,0.993,0.067,0.503,0.645,0.059,0.988,0.05,-0.579,-0.262,-0.2,0.982,-0.195,0.261,-0.215,0.086,0.969,0.087,0.219,0.277,0.083,0.979,0.082,-0.276,-0.03,0.014,0.984,0.014,0.031,-0.011,0.017,0.985,0.017,0.011,-0.01,0.017,0.985,0.018,0.01
0.054,0.046,0.986,0.046,-0.055,0,-0.252,1.001,-0.246,0,-0.387,0.122,0.999,0.114,0.37,0.584,0.046,0.97,0.041,-0.542,-0.346,-0.228,0.973,-0.217,0.342,-0.323,0.056,0.973,0.055,0.321,0.442,0.113,0.998,0.103,-0.417,-0.042,0.013,0.986,0.014,0.043,-0.012,0.017,0.986,0.017,0.012,-0.009,0.017,0.986,0.018,0.01
0.028,0.023,0.986,0.024,-0.028,0.247,-0.156,0.982,-0.153,-0.246,-0.478,0.014,0.971,0.013,0.457,0.335,0.087,0.98,0.084,-0.33,0.292,-0.159,0.991,-0.152,-0.286,-0.574,0.019,0.968,0.017,0.535,0.031,0.034,0.973,0.035,-0.031,0.095,0.069,0.985,0.07,-0.096,-0.001,0.021,0.986,0.022,0.001,-0.009,0.018,0.985,0.018,0.009
-0.007,0.016,0.985,0.016,0.007,0.167,-0.155,0.964,-0.157,-0.172,-0.553,0.024,0.978,0.021,0.514,0.627,0.068,1.009,0.057,-0.556,-0.294,-0.201,0.932,-0.203,0.305,-0.187,0.077,0.964,0.079,0.192,0.282,0.067,0.986,0.066,-0.278,0,0.019,0.985,0.019,0,-0.009,0.018,0.986,0.018,0.01,-0.01,0.017,0.985,0.018,0.01
0.034,0.029,0.986,0.029,-0.034,0.142,-0.173,0.973,-0.174,-0.145,-0.583,0.005,0.979,0.005,0.537,0.215,0.052,0.983,0.052,-0.216,0.434,-0.108,0.987,-0.1,-0.414,-0.673,-0.071,0.996,-0.059,0.594,-0.092,0.055,0.973,0.056,0.094,0.301,0.089,0.979,0.087,-0.298,-0.023,0.013,0.985,0.013,0.024,-0.012,0.018,0.985,0.018,0.012
0.018,0.029,0.986,0.029,-0.018,0.228,-0.16,0.963,-0.16,-0.233,-0.607,0.013,0.983,0.012,0.553,0.206,0.044,0.968,0.044,-0.209,0.239,-0.18,1.012,-0.171,-0.232,-0.588,-0.022,0.985,-0.019,0.538,-0.047,0.07,0.983,0.071,0.048,0.241,0.035,0.983,0.034,-0.241,0.005,0.019,0.985,0.019,-0.005,-0.009,0.018,0.985,0.018,0.01
-0.002,0.022,0.986,0.022,0.002,0.388,-0.164,0.997,-0.152,-0.372,-0.722,0.033,0.982,0.027,0.634,0.811,0.094,0.976,0.074,-0.693,-0.434,-0.225,0.996,-0.204,0.411,-0.215,0.083,0.982,0.083,0.216,0.43,0.084,0.973,0.078,-0.416,0.003,0.02,0.985,0.02,-0.003,-0.008,0.018,0.987,0.018,0.008,-0.009,0.018,0.985,0.018,0.009
0,0.025,0.985,0.025,0,0.417,-0.108,0.993,-0.1,-0.398,-0.574,-0.073,1.004,-0.063,0.519,0.158,0.151,0.99,0.15,-0.158,0.407,-0.068,0.986,-0.064,-0.391,-0.598,-0.118,0.978,-0.102,0.549,-0.088,0.12,0.988,0.121,0.089,0.294,0.041,0.993,0.039,-0.288,-0.015,0.02,0.986,0.021,0.015,-0.011,0.018,0.985,0.018,0.011
-0.002,0.02,0.985,0.02,0.002,0.102,-0.092,0.989,-0.092,-0.103,-0.373,-0.068,0.985,-0.065,0.362,-0.084,0.07,0.982,0.071,0.086,0.269,-0.083,0.99,-0.081,-0.265,-0.375,0,0.986,0,0.363,0.005,0.07,1,0.07,-0.005,0.082,0.023,0.985,0.023,-0.083,-0.008,0.018,0.985,0.019,0.008,-0.01,0.018,0.986,0.018,0.01
0.044,0.038,0.985,0.039,-0.045,0.126,-0.174,0.977,-0.175,-0.128,-0.452,0.068,0.975,0.063,0.434,0.079,0.028,0.994,0.028,-0.079,0.283,-0.054,0.984,-0.053,-0.28,-0.397,-0.084,0.984,-0.079,0.383,-0.119,0.099,1.013,0.097,0.117,0.15,0.041,0.983,0.041,-0.151,-0.03,0.018,0.985,0.018,0.03,-0.011,0.018,0.986,0.018,0.011
-0.01,0.018,0.986,0.018,0.01,-0.074,0.189,0.987,0.188,0.075,0.078,0.038,0.973,0.039,-0.08,-0.08,-0.181,0.985,-0.182,0.081,-0.029,-0.045,0.981,-0.045,0.029,0.312,0.18,0.982,0.173,-0.307,0.055,0.029,0.974,0.03,-0.056,-0.147,0,0.984,0,0.148,-0.011,0.02,0.986,0.02,0.011,-0.011,0.019,0.986,0.019,0.011
-0.009,0.019,0.986,0.019,0.009,0.018,0.205,0.985,0.205,-0.019,-0.042,-0.103,0.987,-0.104,0.042,-0.242,-0.175,0.984,-0.171,0.241,0.133,0.084,0.997,0.083,-0.132,0.329,0.102,0.979,0.099,-0.324,-0.071,0.016,0.977,0.016,0.073,0.005,0.022,0.984,0.022,-0.005,-0.006,0.019,0.985,0.019,0.006,-0.009,0.018,0.985,0.019,0.01
-0.01,0.018,0.985,0.019,0.01,-0.003,0.252,0.983,0.251,0.003,-0.071,-0.048,0.999,-0.048,0.071,-0.201,-0.224,0.989,-0.218,0.2,0.135,0.051,1.007,0.05,-0.134,0.251,0.004,0.992,0.004,-0.248,-0.102,0.005,0.979,0.005,0.103,0.031,0.016,0.985,0.016,-0.031,-0.009,0.018,0.986,0.018,0.009,-0.01,0.019,0.986,0.019,0.011
-0.012,0.026,0.986,0.026,0.012,0.032,0.213,0.978,0.215,-0.033,-0.007,-0.038,1.001,-0.038,0.007,-0.139,-0.208,0.981,-0.207,0.141,0.103,0.044,0.976,0.045,-0.105,0.303,0.133,0.981,0.129,-0.3,0.078,0.001,0.975,0.001,-0.08,-0.382,0.023,0.984,0.021,0.371,-0.025,0.018,0.986,0.018,0.025,-0.01,0.018,0.986,0.019,0.01
-0.013,0.02,0.985,0.021,0.013,0.045,0.221,0.993,0.219,-0.045,-0.014,-0.072,0.986,-0.073,0.014,-0.201,-0.169,0.99,-0.166,0.201,0.177,0.166,0.982,0.164,-0.178,0.214,-0.026,0.977,-0.026,-0.215,-0.238,0.023,0.989,0.023,0.236,0.014,0.019,0.986,0.019,-0.014,-0.01,0.019,0.985,0.019,0.01,-0.01,0.019,0.985,0.019,0.01
-0.011,0.041,0.985,0.042,0.011,0.051,0.156,0.989,0.157,-0.051,-0.003,-0.157,0.99,-0.157,0.003,-0.249,-0.146,0.996,-0.141,0.245,0.055,0.092,0.981,0.093,-0.056,0.255,-0.012,0.978,-0.012,-0.255,-0.257,0.003,0.98,0.003,0.257,0.025,0.022,0.986,0.022,-0.026,-0.009,0.019,0.986,0.019,0.009,-0.01,0.019,0.985,0.019,0.01
-0.009,0.02,0.986,0.02,0.009,0.001,0.2,0.993,0.198,-0.001,-0.048,-0.129,0.983,-0.131,0.049,-0.248,-0.123,0.976,-0.121,0.249,0.083,0.11,0.984,0.111,-0.084,0.184,-0.019,0.992,-0.019,-0.183,-0.257,0.032,0.98,0.032,0.256,0.005,0.021,0.986,0.021,-0.005,-0.01,0.019,0.986,0.019,0.01,-0.009,0.018,0.986,0.019,0.009
-0.013,0.024,0.985,0.024,0.013,0.053,0.197,0.993,0.196,-0.053,-0.024,-0.13,0.975,-0.133,0.024,-0.27,-0.167,0.982,-0.163,0.269,0.19,0.141,0.948,0.145,-0.197,0.241,-0.037,0.993,-0.036,-0.238,-0.154,0.045,1.011,0.044,0.151,0.038,0.017,0.988,0.017,-0.039,-0.006,0.018,0.986,0.018,0.006,-0.009,0.018,0.986,0.019,0.009
-0.009,0.019,0.986,0.019,0.009,0.003,0.244,0.979,0.244,-0.004,-0.008,-0.082,0.99,-0.083,0.008,-0.207,-0.178,0.98,-0.176,0.208,0.14,0.129,0.976,0.13,-0.143,0.246,-0.001,1.007,-0.001,-0.239,-0.205,0.027,1,0.026,0.202,0.026,0.018,0.986,0.018,-0.027,-0.008,0.018,0.986,0.019,0.009,-0.01,0.018,0.985,0.018,0.01
-0.01,0.018,0.985,0.019,0.01,0.022,0.249,0.984,0.247,-0.023,0.021,-0.054,1.006,-0.053,-0.021,-0.208,-0.194,0.99,-0.19,0.207,-0.031,0.058,1,0.058,0.031,0.317,0.126,0.988,0.121,-0.31,0.049,0.026,0.965,0.027,-0.051,-0.277,-0.005,0.992,-0.005,0.273,-0.02,0.019,0.985,0.019,0.02,-0.01,0.019,0.986,0.019,0.011
-0.007,0.015,0.985,0.015,0.007,-0.004,0.216,0.982,0.217,0.004,0.011,0.005,1.025,0.005,-0.011,-0.114,-0.246,0.982,-0.244,0.116,0.098,0.059,0.983,0.059,-0.099,0.318,0.049,0.994,0.046,-0.31,-0.071,0.033,0.987,0.033,0.072,-0.106,0.014,0.984,0.015,0.108,-0.014,0.018,0.986,0.018,0.014,-0.01,0.018,0.986,0.019,0.01
-0.011,0.017,0.985,0.017,0.011,-0.013,0.241,0.981,0.241,0.013,0.035,-0.03,0.948,-0.031,-0.037,-0.158,-0.176,0.983,-0.175,0.16,-0.029,0.053,0.99,0.054,0.029,0.431,0.066,0.991,0.061,-0.411,-0.195,-0.005,0.989,-0.005,0.195,0.022,0.016,0.986,0.016,-0.022,-0.008,0.018,0.985,0.019,0.008,-0.01,0.018,0.986,0.019,0.01
-0.009,0.018,0.986,0.019,0.009,0.055,0.257,0.984,0.255,-0.056,-0.032,-0.131,0.987,-0.132,0.032,-0.221,-0.169,0.983,-0.166,0.221,0.012,0.046,0.968,0.048,-0.013,0.293,0.019,0.978,0.019,-0.291,-0.137,0.023,0.992,0.023,0.138,0.029,0.015,0.984,0.015,-0.029,-0.007,0.018,0.986,0.019,0.007,-0.009,0.018,0.986,0.018,0.01
-0.009,0.019,0.985,0.019,0.009,-0.007,0.194,0.984,0.195,0.007,0.03,-0.018,0.968,-0.018,-0.031,-0.124,-0.206,0.981,-0.205,0.126,-0.03,0.014,0.99,0.014,0.03,0.212,0.115,0.988,0.114,-0.212,0.091,-0.004,0.965,-0.005,-0.094,-0.145,0.015,0.991,0.015,0.145,-0.003,0.018,0.986,0.019,0.003,-0.011,0.018,0.985,0.018,0.011
-0.01,0.03,0.986,0.031,0.01,0.044,0.16,0.969,0.163,-0.046,-0.055,-0.26,1.008,-0.252,0.054,-0.161,-0.055,0.975,-0.056,0.164,0.29,0.152,0.963,0.15,-0.292,0.145,-0.01,0.981,-0.01,-0.147,-0.189,0.018,0.981,0.018,0.191,0.006,0.018,0.986,0.018,-0.006,-0.01,0.019,0.985,0.019,0.01,-0.01,0.019,0.986,0.019,0.01
-0.013,0.018,0.986,0.018,0.013,-0.165,0.013,1.003,0.013,0.163,0.368,-0.039,0.976,-0.038,-0.361,-0.048,0.06,0.97,0.061,0.05,0.285,-0.088,0.99,-0.085,-0.281,-0.453,-0.105,0.957,-0.099,0.442,-0.107,0.111,0.986,0.111,0.108,0.188,0.037,0.993,0.036,-0.187,-0.016,0.019,0.986,0.019,0.017,-0.009,0.018,0.985,0.018,0.009
-0.009,0.017,0.985,0.018,0.009,-0.173,0.008,0.986,0.008,0.174,0.235,-0.013,0.982,-0.013,-0.235,-0.071,-0.017,0.984,-0.017,0.072,0.297,-0.05,0.978,-0.049,-0.295,-0.324,-0.019,0.987,-0.018,0.317,-0.02,0.094,0.969,0.096,0.021,0.107,0.045,0.984,0.045,-0.108,-0.008,0.019,0.986,0.019,0.009,-0.009,0.018,0.986,0.018,0.009
-0.009,0.018,0.986,0.018,0.009,-0.219,0.045,0.985,0.045,0.218,0.239,-0.152,0.976,-0.15,-0.24,-0.036,0.05,0.968,0.051,0.038,0.348,-0.037,0.987,-0.035,-0.339,-0.431,-0.118,0.974,-0.111,0.417,-0.089,0.123,0.994,0.122,0.089,0.141,0.044,0.992,0.044,-0.141,-0.021,0.021,0.984,0.021,0.021,-0.01,0.018,0.986,0.018,0.01
-0.063,0.02,0.986,0.02,0.064,-0.074,0.028,0.989,0.029,0.075,0.132,-0.187,0.982,-0.187,-0.134,0.078,0.243,0.994,0.239,-0.079,0.173,-0.125,1.023,-0.12,-0.168,-0.348,-0.039,0.993,-0.037,0.337,-0.052,0.1,0.982,0.101,0.053,0.179,0.049,0.989,0.049,-0.179,-0.008,0.02,0.985,0.02,0.008,-0.009,0.018,0.985,0.018,0.01
-0.066,0.013,0.985,0.013,0.067,-0.045,0.036,0.983,0.037,0.046,0.065,-0.174,0.982,-0.175,-0.066,0.049,0.126,0.975,0.128,-0.05,0.287,-0.111,0.983,-0.108,-0.284,-0.388,-0.024,0.957,-0.023,0.385,-0.015,0.106,0.98,0.107,0.015,0.116,0.019,0.985,0.019,-0.117,-0.005,0.018,0.986,0.018,0.005,-0.009,0.018,0.985,0.018,0.01
-0.057,0.018,0.986,0.018,0.058,-0.102,0.053,0.996,0.053,0.102,0.067,-0.246,0.983,-0.245,-0.068,0.172,0.275,0.987,0.268,-0.173,0.054,-0.22,0.979,-0.221,-0.056,-0.393,0.09,0.98,0.085,0.382,-0.031,0.094,0.997,0.094,0.031,0.168,0.012,0.985,0.012,-0.169,-0.002,0.017,0.985,0.018,0.002,-0.008,0.018,0.986,0.018,0.009
-0.045,0.013,0.985,0.014,0.046,-0.112,0.011,0.991,0.011,0.112,0.017,-0.18,0.98,-0.182,-0.018,0.168,0.275,0.987,0.268,-0.168,-0.011,-0.129,0.976,-0.132,0.012,-0.287,0.034,0.995,0.033,0.281,-0.021,0.084,0.958,0.088,0.022,0.174,0.014,0.986,0.014,-0.175,-0.002,0.019,0.986,0.019,0.002,-0.009,0.018,0.985,0.018,0.009
-0.201,0.025,0.982,0.025,0.202,0.161,0.003,0.983,0.003,-0.162,-0.101,-0.09,0.983,-0.091,0.102,0.269,0.066,0.979,0.065,-0.269,-0.171,-0.164,0.978,-0.164,0.173,-0.16,0.132,0.996,0.13,0.16,0.149,0.024,0.981,0.025,-0.15,-0.029,0.013,0.985,0.014,0.029,-0.01,0.017,0.985,0.018,0.01,-0.009,0.018,0.985,0.018,0.009
-0.015,0.016,0.985,0.017,0.015,-0.174,0.03,0.985,0.03,0.174,0.248,-0.092,0.986,-0.09,-0.246,0.001,0.013,0.984,0.013,-0.001,0.41,0.108,0.961,0.103,-0.404,-0.345,-0.101,1.013,-0.094,0.328,-0.154,0.131,0.996,0.129,0.153,0.23,0.026,0.977,0.026,-0.231,-0.016,0.018,0.985,0.018,0.017,-0.01,0.018,0.985,0.018,0.01
-0.092,0.015,0.986,0.016,0.093,-0.078,0.054,0.982,0.055,0.079,0.113,-0.199,0.99,-0.197,-0.114,0.005,0.084,0.96,0.087,-0.005,0.307,-0.038,0.969,-0.037,-0.307,-0.348,-0.101,0.968,-0.098,0.345,-0.118,0.126,0.996,0.125,0.118,0.137,0.029,0.986,0.029,-0.138,-0.036,0.018,0.986,0.019,0.036,-0.011,0.018,0.985,0.019,0.011
-0.054,-0.001,0.985,-0.001,0.055,-0.088,-0.1,0.99,-0.1,0.088,0.059,-0.004,0.981,-0.004,-0.06,0.196,0.154,0.986,0.152,-0.196,-0.139,0.154,0.971,0.156,0.142,-0.22,-0.01,0.984,-0.01,0.22,0.053,-0.089,0.989,-0.089,-0.054,-0.032,0.021,0.985,0.021,0.032,-0.008,0.017,0.984,0.017,0.008,-0.006,0.016,0.985,0.017,0.006
-0.092,-0.01,0.984,-0.01,0.093,-0.029,-0.109,0.971,-0.112,0.029,0.121,0.028,0.983,0.028,-0.122,0.195,0.167,0.985,0.165,-0.195,-0.149,0.146,1,0.143,0.148,-0.159,-0.028,0.974,-0.029,0.162,0.112,-0.101,0.984,-0.101,-0.113,-0.004,0.037,0.985,0.037,0.004,-0.007,0.018,0.986,0.018,0.007,-0.007,0.017,0.986,0.017,0.007
-0.057,-0.002,0.984,-0.002,0.058,-0.057,-0.136,0.977,-0.138,0.059,0.146,0,0.973,0,-0.149,0.184,0.176,0.985,0.174,-0.185,-0.159,0.156,0.982,0.156,0.16,-0.209,-0.058,0.976,-0.058,0.211,0.16,-0.09,0.97,-0.091,-0.163,-0.02,0.019,0.985,0.019,0.021,-0.007,0.017,0.985,0.017,0.007,-0.006,0.016,0.985,0.017,0.006
-0.017,0.01,0.985,0.01,0.017,-0.094,-0.132,0.985,-0.132,0.095,0.045,-0.052,1.01,-0.051,-0.044,0.311,0.152,0.981,0.147,-0.307,-0.034,0.25,0.993,0.247,0.034,-0.305,0.017,0.98,0.016,0.302,0.035,-0.195,0.971,-0.198,-0.036,0.073,0.067,0.987,0.068,-0.074,-0.006,0.012,0.985,0.013,0.007,-0.006,0.016,0.985,0.016,0.006
-0.057,-0.002,0.985,-0.002,0.058,-0.108,-0.149,0.99,-0.148,0.108,0.184,-0.013,0.982,-0.013,-0.186,0.251,0.214,0.975,0.209,-0.252,-0.179,0.157,0.996,0.154,0.178,-0.242,-0.065,0.988,-0.064,0.24,0.275,-0.08,0.993,-0.078,-0.27,-0.025,0.017,0.986,0.017,0.025,-0.009,0.017,0.986,0.017,0.009,-0.007,0.017,0.986,0.017,0.007
-0.039,0.017,0.985,0.017,0.039,-0.018,-0.129,0.978,-0.131,0.018,0.115,-0.004,0.972,-0.005,-0.118,0.224,0.158,0.979,0.156,-0.225,-0.189,0.156,0.992,0.153,0.189,-0.152,-0.038,0.994,-0.038,0.152,0.226,-0.06,0.985,-0.059,-0.226,0,0.015,0.985,0.016,0,-0.005,0.016,0.986,0.016,0.005,-0.007,0.016,0.987,0.017,0.007
-0.06,0.011,0.986,0.011,0.06,-0.049,-0.097,0.983,-0.098,0.049,0.088,-0.085,0.979,-0.086,-0.089,0.2,0.154,0.983,0.152,-0.2,-0.053,0.172,0.992,0.171,0.053,-0.26,0.005,0.975,0.005,0.261,0.069,-0.112,0.994,-0.112,-0.069,-0.014,0.019,0.985,0.02,0.014,-0.005,0.018,0.986,0.018,0.006,-0.007,0.017,0.986,0.017,0.007
-0.015,0.013,0.985,0.013,0.015,-0.046,-0.089,0.992,-0.089,0.046,0.077,-0.065,0.98,-0.066,-0.078,0.243,0.166,0.976,0.164,-0.244,-0.039,0.162,0.975,0.165,0.04,-0.241,-0.019,0.984,-0.019,0.24,0.106,-0.098,0.959,-0.101,-0.11,-0.039,0.018,0.985,0.019,0.039,-0.009,0.017,0.986,0.018,0.009,-0.007,0.017,0.986,0.017,0.007
-0.007,0.016,0.986,0.017,0.007,-0.153,-0.076,0.984,-0.076,0.154,0.007,-0.112,1.002,-0.111,-0.007,0.219,0.13,0.962,0.131,-0.224,-0.004,0.172,0.996,0.171,0.004,-0.251,-0.002,0.972,-0.002,0.253,-0.053,-0.129,0.989,-0.129,0.054,0.18,0.051,0.984,0.051,-0.181,-0.018,0.011,0.985,0.011,0.018,-0.008,0.016,0.986,0.017,0.008
-0.008,0.016,0.986,0.016,0.008,-0.124,-0.064,0.984,-0.065,0.125,0.06,-0.116,0.982,-0.118,-0.061,0.209,0.104,0.978,0.103,-0.211,0.055,0.214,0.995,0.211,-0.056,-0.323,-0.012,0.98,-0.011,0.318,0.055,-0.124,0.994,-0.124,-0.055,0.1,0.053,0.983,0.054,-0.101,-0.001,0.019,0.986,0.019,0.001,-0.006,0.016,0.985,0.017,0.006
-0.013,0.016,0.985,0.016,0.013,-0.138,-0.132,0.981,-0.133,0.14,0.099,-0.065,0.981,-0.066,-0.1,0.168,0.109,0.983,0.109,-0.169,0.094,0.231,0.977,0.231,-0.096,-0.316,0.009,0.969,0.008,0.315,-0.016,-0.144,0.979,-0.146,0.016,0.046,0.041,0.985,0.042,-0.047,0,0.018,0.986,0.018,0,-0.006,0.017,0.985,0.017,0.006
-0.074,0.007,0.986,0.007,0.074,-0.101,-0.172,0.974,-0.174,0.103,0.189,-0.019,0.981,-0.019,-0.19,0.204,0.239,0.984,0.234,-0.204,-0.294,0.094,1.003,0.09,0.285,-0.127,-0.138,0.978,-0.139,0.129,0.177,0.046,0.989,0.046,-0.177,-0.012,0.005,0.985,0.006,0.012,-0.007,0.016,0.985,0.016,0.007,-0.007,0.016,0.986,0.016,0.007
-0.04,0.004,0.985,0.004,0.041,0.018,-0.145,0.984,-0.146,-0.018,0.056,-0.07,0.979,-0.071,-0.057,0.263,0.194,0.98,0.189,-0.262,0.007,0.18,0.999,0.178,-0.007,-0.323,0.013,0.977,0.013,0.319,-0.021,-0.14,0.988,-0.141,0.021,0.137,0.042,0.986,0.042,-0.138,0.002,0.016,0.986,0.017,-0.002,-0.006,0.016,0.985,0.016,0.006
-0.057,0.01,0.985,0.01,0.058,-0.063,-0.08,0.991,-0.08,0.063,0.104,-0.088,0.989,-0.089,-0.105,0.24,0.162,0.997,0.157,-0.237,-0.189,0.175,0.986,0.172,0.189,-0.209,-0.078,0.977,-0.078,0.211,0.172,-0.049,0.98,-0.049,-0.174,-0.035,0.011,0.986,0.011,0.035,-0.008,0.016,0.985,0.017,0.008,-0.006,0.016,0.985,0.017,0.006
-0.1,-0.003,0.985,-0.003,0.102,-0.092,-0.089,0.988,-0.09,0.093,0.173,-0.106,0.998,-0.105,-0.172,0.359,0.26,0.982,0.244,-0.351,-0.301,0.186,0.977,0.18,0.298,-0.206,-0.131,0.985,-0.13,0.207,0.246,0.007,0.989,0.007,-0.244,-0.012,0.009,0.985,0.009,0.013,-0.007,0.016,0.986,0.016,0.007,-0.006,0.016,0.985,0.016,0.006
-0.006,0.016,0.986,0.016,0.006,0.012,0.01,0.986,0.01,-0.012,0.116,-0.002,0.988,-0.002,-0.116,-0.362,0.046,0.989,0.044,0.351,-0.115,-0.062,0.984,-0.063,0.116,0.048,0.075,0.975,0.076,-0.049,-0.014,0.013,0.984,0.013,0.014,-0.008,0.017,0.986,0.018,0.009,-0.006,0.018,0.986,0.018,0.006,-0.007,0.018,0.985,0.018,0.007
-0.007,0.016,0.986,0.016,0.007,0.154,-0.018,0.986,-0.018,-0.155,0.105,0.038,0.982,0.039,-0.107,-0.431,0.03,0.973,0.028,0.417,-0.191,-0.099,0.977,-0.099,0.193,-0.078,-0.046,0.986,-0.047,0.079,0.092,0.078,0.99,0.078,-0.093,0.194,0.125,0.985,0.124,-0.195,-0.025,0.011,0.986,0.012,0.026,-0.008,0.017,0.985,0.017,0.008
-0.006,0.015,0.987,0.016,0.006,0.142,-0.012,0.983,-0.012,-0.143,0.004,0.024,0.974,0.025,-0.004,-0.167,-0.004,0.976,-0.004,0.169,-0.124,-0.112,0.979,-0.113,0.126,0.053,0.02,0.987,0.021,-0.053,0.136,0.117,0.997,0.116,-0.136,-0.035,0.001,0.986,0.001,0.036,-0.009,0.017,0.985,0.017,0.009,-0.006,0.018,0.986,0.018,0.006
-0.007,0.016,0.986,0.016,0.007,0.223,-0.026,0.987,-0.026,-0.222,-0.072,0.023,0.969,0.023,0.074,-0.144,0.012,0.984,0.012,0.145,-0.128,-0.057,0.991,-0.057,0.128,0.017,0.047,0.977,0.048,-0.017,0.128,0.094,0.99,0.094,-0.129,-0.023,0.009,0.986,0.009,0.024,-0.008,0.017,0.986,0.018,0.008,-0.007,0.018,0.985,0.018,0.007
-0.007,0.016,0.985,0.016,0.007,0.334,-0.011,0.98,-0.011,-0.328,-0.118,0.007,0.981,0.008,0.12,-0.222,-0.049,0.985,-0.049,0.222,-0.035,0.006,0.971,0.006,0.036,0.122,0.065,0.99,0.065,-0.122,0.014,0.04,0.984,0.041,-0.014,-0.005,0.019,0.986,0.019,0.005,-0.006,0.018,0.986,0.018,0.006,-0.007,0.018,0.986,0.018,0.007
-0.004,0.018,0.986,0.018,0.004,0.099,0.006,0.987,0.006,-0.1,-0.024,0,0.978,0,0.025,-0.192,-0.043,0.986,-0.043,0.192,-0.084,-0.018,0.998,-0.018,0.084,0.086,0.089,0.982,0.09,-0.088,0.008,0.024,0.984,0.025,-0.008,-0.008,0.017,0.986,0.017,0.008,-0.006,0.017,0.986,0.018,0.006,-0.007,0.017,0.986,0.018,0.007
-0.006,0.016,0.986,0.016,0.006,0.087,-0.002,0.987,-0.002,-0.088,0.076,0.01,0.979,0.011,-0.077,-0.071,-0.008,0.974,-0.008,0.073,-0.24,-0.053,0.985,-0.052,0.239,-0.074,-0.034,1,-0.034,0.074,0.078,0.06,0.996,0.06,-0.078,0.122,0.099,0.986,0.099,-0.123,-0.021,0.01,0.985,0.01,0.022,-0.008,0.017,0.986,0.017,0.008
0.008,0.006,0.985,0.006,-0.008,0.106,0.016,0.98,0.016,-0.108,0.005,0.013,0.99,0.013,-0.005,-0.247,-0.032,0.988,-0.031,0.245,-0.096,-0.062,0.976,-0.063,0.098,-0.008,0.023,0.999,0.023,0.008,0.051,0.069,0.987,0.07,-0.052,0.155,0.081,0.984,0.082,-0.157,0,0.019,0.986,0.02,0,-0.006,0.018,0.985,0.018,0.006
-0.007,0.016,0.986,0.017,0.007,0.093,0.001,0.984,0.001,-0.094,0.006,0.013,0.978,0.014,-0.007,-0.088,-0.001,0.98,-0.001,0.09,-0.206,-0.024,0.985,-0.024,0.206,-0.146,-0.013,1.001,-0.013,0.145,0.109,0.076,1.001,0.076,-0.108,0.11,0.056,0.984,0.057,-0.112,-0.002,0.019,0.986,0.019,0.002,-0.006,0.018,0.987,0.018,0.006
-0.007,0.014,0.986,0.014,0.007,0.058,0.014,0.987,0.014,-0.059,-0.012,0.001,0.977,0.001,0.013,-0.075,-0.006,0.991,-0.006,0.075,-0.135,-0.084,0.982,-0.084,0.137,0.052,0.021,0.976,0.021,-0.053,-0.033,0.022,1,0.022,0.033,0.19,0.091,0.982,0.09,-0.191,-0.004,0.015,0.985,0.016,0.004,-0.005,0.018,0.985,0.018,0.005
-0.003,0.018,0.986,0.019,0.004,0.079,0.021,0.984,0.021,-0.08,-0.046,0.001,1.002,0,0.045,-0.124,-0.026,0.982,-0.026,0.126,-0.035,-0.01,0.969,-0.011,0.036,0.03,0.048,0.971,0.05,-0.031,0.064,0.066,0.987,0.066,-0.065,-0.021,0.01,0.986,0.01,0.021,-0.007,0.017,0.985,0.017,0.007,-0.006,0.018,0.985,0.018,0.006
0.017,0.017,0.985,0.017,-0.018,0.082,0.006,0.992,0.006,-0.083,-0.059,0.023,0.983,0.023,0.06,-0.189,0.051,0.979,0.051,0.191,-0.212,-0.084,1.004,-0.082,0.208,0.027,0.027,0.98,0.028,-0.028,0.116,0.084,0.98,0.085,-0.118,-0.025,0.015,0.985,0.015,0.025,-0.008,0.018,0.986,0.018,0.008,-0.006,0.018,0.986,0.018,0.007
0.079,0.031,0.986,0.031,-0.08,0.036,0.011,0.984,0.011,-0.036,-0.037,0,0.99,0,0.037,-0.247,0.056,0.98,0.056,0.247,-0.12,-0.088,0.98,-0.089,0.121,-0.019,0.024,0.974,0.024,0.019,0.126,0.071,0.985,0.071,-0.127,0.071,0.07,0.98,0.072,-0.073,-0.017,0.015,0.985,0.015,0.018,-0.007,0.017,0.985,0.017,0.007
-0.083,-0.007,0.985,-0.008,0.084,-0.027,-0.054,0.984,-0.055,0.027,0.308,0.091,0.983,0.088,-0.304,-0.356,0.136,0.989,0.128,0.346,0.164,-0.022,0.978,-0.022,-0.166,-0.055,-0.211,0.981,-0.212,0.056,-0.003,0.143,0.985,0.145,0.004,-0.008,0.016,0.986,0.016,0.008,-0.008,0.017,0.985,0.018,0.008,-0.007,0.017,0.986,0.017,0.007
-0.095,-0.029,0.985,-0.03,0.096,-0.053,-0.054,0.99,-0.054,0.054,0.268,0.051,0.991,0.05,-0.264,0.039,0.124,0.996,0.124,-0.039,-0.226,0.121,0.982,0.12,0.226,0.239,-0.085,0.979,-0.084,-0.24,-0.083,-0.194,0.983,-0.194,0.084,0.019,0.092,0.984,0.093,-0.019,-0.003,0.009,0.985,0.009,0.003,-0.006,0.017,0.985,0.017,0.006
-0.095,-0.027,0.984,-0.027,0.096,-0.094,-0.047,0.986,-0.048,0.095,0.313,0.136,0.988,0.13,-0.306,-0.036,0.118,0.981,0.12,0.036,-0.362,0.033,0.97,0.032,0.358,0.362,-0.053,0.996,-0.05,-0.348,-0.107,-0.162,0.989,-0.162,0.108,-0.071,0.129,0.985,0.13,0.072,-0.008,0.018,0.985,0.019,0.008,-0.008,0.017,0.986,0.018,0.008
-0.088,-0.053,0.986,-0.054,0.089,-0.055,-0.048,0.987,-0.048,0.056,0.343,0.035,0.996,0.033,-0.331,-0.115,0.172,0.978,0.173,0.117,-0.2,0.052,0.979,0.052,0.201,0.283,-0.112,0.98,-0.109,-0.281,-0.103,-0.121,0.989,-0.121,0.104,-0.068,0.126,0.982,0.127,0.069,-0.009,0.017,0.986,0.018,0.009,-0.008,0.017,0.986,0.018,0.008
-0.187,-0.094,0.985,-0.094,0.188,0.019,-0.026,0.977,-0.027,-0.02,0.372,0.113,0.989,0.107,-0.36,-0.415,0.109,0.98,0.102,0.401,-0.02,0.022,0.991,0.022,0.021,0.243,-0.082,0.988,-0.081,-0.241,-0.078,-0.093,0.993,-0.093,0.078,-0.029,0.125,0.986,0.127,0.03,-0.008,0.019,0.986,0.019,0.008,-0.008,0.018,0.985,0.018,0.009
-0.082,-0.032,0.985,-0.032,0.083,-0.071,-0.049,1,-0.049,0.071,0.418,0.06,0.983,0.057,-0.402,-0.179,0.136,0.973,0.137,0.182,-0.035,0.061,0.973,0.063,0.036,0.211,-0.124,0.987,-0.122,-0.21,-0.219,-0.099,0.983,-0.098,0.219,-0.044,0.09,0.985,0.092,0.044,-0.009,0.02,0.985,0.02,0.009,-0.008,0.018,0.985,0.018,0.008
-0.069,-0.022,0.984,-0.022,0.07,-0.103,-0.079,0.991,-0.079,0.103,0.251,0.085,0.974,0.084,-0.252,0.05,0.114,0.982,0.115,-0.051,-0.328,0.082,1.002,0.077,0.317,0.372,-0.085,0.987,-0.08,-0.36,-0.112,-0.144,0.986,-0.144,0.113,-0.061,0.118,0.986,0.119,0.062,-0.006,0.018,0.985,0.019,0.006,-0.008,0.018,0.985,0.018,0.008
-0.032,0.004,0.986,0.005,0.032,-0.113,-0.123,1.002,-0.122,0.112,0.261,0.063,0.996,0.061,-0.256,0.216,0.165,0.975,0.163,-0.218,-0.558,0.1,0.98,0.089,0.518,0.435,-0.139,0.99,-0.128,-0.414,-0.14,-0.161,0.985,-0.16,0.141,0.025,0.158,0.985,0.159,-0.026,-0.005,0.015,0.985,0.015,0.005,-0.007,0.017,0.986,0.018,0.007
-0.017,0.013,0.985,0.013,0.017,-0.217,-0.11,0.981,-0.109,0.218,0.12,-0.005,0.999,-0.005,-0.12,0.351,0.149,0.988,0.141,-0.341,-0.55,0.161,0.965,0.144,0.518,0.271,-0.002,0.997,-0.002,-0.265,0.11,-0.243,0.98,-0.241,-0.111,-0.14,0.076,0.978,0.077,0.142,-0.022,0.005,0.985,0.005,0.022,-0.01,0.018,0.986,0.018,0.01
-0.034,0.003,0.986,0.003,0.034,-0.146,-0.106,0.997,-0.105,0.145,0.39,0.082,0.979,0.077,-0.379,0.112,0.097,0.972,0.099,-0.115,-0.304,0.128,0.984,0.123,0.3,0.26,-0.1,0.992,-0.097,-0.256,-0.133,-0.208,0.985,-0.207,0.134,0.024,0.115,0.988,0.116,-0.024,0.003,0.01,0.986,0.01,-0.003,-0.008,0.018,0.986,0.018,0.008
-0.152,-0.049,0.985,-0.05,0.153,-0.016,-0.005,0.994,-0.005,0.016,0.201,0.064,0.982,0.064,-0.202,-0.301,0.124,0.995,0.118,0.293,0.115,0.014,0.988,0.014,-0.116,0.083,-0.173,0.99,-0.172,-0.083,-0.121,-0.005,0.983,-0.005,0.123,0.003,0.077,0.986,0.078,-0.003,-0.008,0.019,0.985,0.02,0.008,-0.008,0.018,0.986,0.018,0.008
-0.102,-0.015,0.985,-0.015,0.103,-0.038,-0.063,1.014,-0.062,0.038,0.436,0.084,0.986,0.078,-0.417,-0.414,0.138,0.982,0.129,0.398,0.216,0.036,0.988,0.035,-0.215,0.008,-0.21,0.981,-0.211,-0.008,-0.109,0.125,0.982,0.126,0.11,-0.002,0.003,0.985,0.003,0.002,-0.008,0.017,0.986,0.018,0.008,-0.008,0.018,0.985,0.018,0.008
-0.066,-0.001,0.985,-0.001,0.067,-0.116,-0.073,0.993,-0.072,0.116,0.349,0.081,1,0.076,-0.336,-0.005,0.105,0.984,0.106,0.005,-0.086,0.058,0.988,0.058,0.087,0.182,-0.121,0.98,-0.121,-0.184,-0.159,-0.018,0.994,-0.018,0.159,-0.005,0.008,0.985,0.009,0.005,-0.007,0.017,0.986,0.017,0.007,-0.008,0.018,0.986,0.018,0.009
-0.087,-0.014,0.984,-0.014,0.088,-0.077,-0.069,0.979,-0.07,0.078,0.23,0.073,0.992,0.071,-0.228,-0.082,0.15,0.99,0.15,0.083,-0.139,0.02,0.998,0.02,0.138,0.266,-0.11,0.972,-0.109,-0.267,-0.18,0.01,0.982,0.01,0.182,0.001,0.007,0.985,0.007,-0.001,-0.007,0.017,0.985,0.017,0.007,-0.008,0.017,0.985,0.018,0.008
-0.039,0,0.985,0,0.04,-0.155,-0.054,0.976,-0.055,0.158,0.063,-0.013,0.98,-0.014,-0.064,0.319,0.125,0.981,0.12,-0.315,-0.394,0.138,0.983,0.129,0.381,0.263,0.052,0.982,0.051,-0.262,0.014,-0.197,0.996,-0.195,-0.014,-0.053,0.052,0.983,0.053,0.053,-0.011,0.016,0.985,0.016,0.012,-0.008,0.018,0.984,0.018,0.008
-0.084,-0.031,0.985,-0.031,0.086,-0.046,-0.049,0.988,-0.05,0.047,0.157,0.062,0.991,0.061,-0.157,0.127,0.125,0.986,0.125,-0.128,-0.303,0.097,0.975,0.094,0.302,0.221,-0.045,0.98,-0.045,-0.221,-0.04,-0.208,0.984,-0.208,0.04,-0.091,0.078,0.984,0.079,0.093,-0.01,0.004,0.986,0.004,0.011,-0.008,0.018,0.986,0.018,0.008
-0.008,0.018,0.986,0.018,0.008,-0.137,-0.101,0.984,-0.101,0.139,-0.036,0.013,0.966,0.014,0.037,0.35,0.096,0.979,0.092,-0.343,-0.278,0.126,0.991,0.122,0.273,0.133,0.083,0.995,0.083,-0.133,0.158,-0.182,0.98,-0.181,-0.16,-0.107,-0.006,0.985,-0.006,0.108,-0.016,0.062,0.984,0.063,0.016,-0.009,0.02,0.985,0.02,0.009
-0.008,0.017,0.986,0.017,0.008,-0.147,0.029,0.981,0.029,0.149,0.208,-0.212,0.98,-0.208,-0.209,0.221,0.169,0.984,0.166,-0.221,-0.178,-0.132,0.985,-0.131,0.179,0.037,-0.219,0.984,-0.219,-0.038,-0.04,0.277,0.99,0.273,0.041,-0.012,0.025,0.986,0.025,0.012,-0.01,0.019,0.985,0.019,0.01,-0.01,0.018,0.985,0.019,0.01
0,0.07,0.985,0.071,0,-0.198,-0.039,0.993,-0.039,0.197,0.196,-0.205,0.985,-0.201,-0.196,0.278,0.185,0.98,0.18,-0.277,-0.272,0.037,0.975,0.037,0.273,-0.014,-0.171,0.984,-0.172,0.014,-0.012,0.083,0.986,0.084,0.012,-0.009,0.102,0.984,0.103,0.009,-0.009,0.012,0.986,0.012,0.01,-0.009,0.018,0.986,0.018,0.009
0.004,0.059,0.986,0.059,-0.004,-0.217,-0.007,0.983,-0.007,0.217,0.123,-0.258,0.998,-0.251,-0.123,0.224,0.088,0.991,0.086,-0.223,-0.214,0.206,0.983,0.202,0.214,-0.044,-0.195,0.981,-0.196,0.045,-0.017,-0.133,0.965,-0.137,0.018,0.02,0.309,0.985,0.304,-0.021,-0.004,-0.009,0.985,-0.009,0.004,-0.009,0.016,0.985,0.016,0.009
0.001,0.03,0.986,0.03,-0.001,-0.268,-0.037,0.987,-0.036,0.265,0.249,-0.206,0.982,-0.201,-0.248,0.163,0.337,0.984,0.326,-0.164,-0.098,-0.173,0.982,-0.173,0.1,0.078,-0.15,0.971,-0.153,-0.081,-0.096,0.308,0.98,0.303,0.097,-0.014,0.018,0.985,0.018,0.014,-0.011,0.019,0.986,0.019,0.011,-0.009,0.018,0.985,0.019,0.009
-0.003,0.028,0.986,0.028,0.003,-0.279,0.029,0.987,0.029,0.275,0.242,-0.344,0.987,-0.326,-0.24,0.259,0.309,0.978,0.297,-0.259,-0.282,-0.051,0.981,-0.05,0.28,-0.005,-0.27,0.98,-0.268,0.005,-0.003,0.223,0.971,0.226,0.003,-0.008,0.016,0.986,0.017,0.008,-0.01,0.019,0.985,0.019,0.01,-0.01,0.018,0.986,0.018,0.01
-0.005,0.021,0.987,0.021,0.005,-0.243,0.076,0.985,0.075,0.242,0.225,-0.357,0.996,-0.337,-0.222,0.344,0.26,0.983,0.245,-0.336,-0.279,-0.01,0.981,-0.01,0.277,-0.042,-0.291,0.984,-0.287,0.042,0.039,0.223,0.997,0.22,-0.039,-0.02,-0.004,0.985,-0.004,0.02,-0.011,0.017,0.985,0.017,0.011,-0.009,0.018,0.986,0.018,0.009
0.018,0.162,0.985,0.163,-0.018,-0.219,-0.152,0.997,-0.148,0.216,0.261,-0.161,0.979,-0.158,-0.261,0.012,0.33,0.995,0.321,-0.012,-0.05,-0.238,0.988,-0.236,0.051,0.053,-0.099,0.985,-0.1,-0.054,-0.062,0.293,0.995,0.286,0.063,-0.007,0.001,0.985,0.001,0.007,-0.01,0.018,0.986,0.018,0.01,-0.01,0.018,0.985,0.018,0.011
0.007,0.065,0.986,0.066,-0.007,-0.188,-0.083,0.984,-0.082,0.189,0.311,-0.165,0.994,-0.157,-0.303,-0.116,0.315,0.973,0.311,0.118,-0.005,-0.248,0.981,-0.247,0.005,0.069,0.04,1.019,0.039,-0.068,-0.029,0.156,0.987,0.156,0.03,-0.008,0.018,0.986,0.019,0.008,-0.01,0.019,0.985,0.019,0.01,-0.01,0.018,0.986,0.018,0.01
-0.001,0.068,0.986,0.069,0.001,-0.285,-0.166,1.004,-0.158,0.277,0.211,-0.05,0.99,-0.05,-0.21,-0.028,0.321,0.98,0.316,0.029,-0.059,-0.172,0.983,-0.173,0.06,-0.071,-0.223,0.981,-0.223,0.072,0.035,0.17,0.976,0.173,-0.036,-0.019,0.012,0.986,0.013,0.02,-0.011,0.02,0.986,0.021,0.012,-0.01,0.018,0.986,0.019,0.01
0.007,0.045,0.986,0.045,-0.007,-0.159,0.053,0.972,0.054,0.162,-0.004,-0.311,0.987,-0.305,0.004,0.278,0.177,0.982,0.172,-0.276,-0.3,0.056,0.984,0.054,0.296,-0.004,-0.253,0.984,-0.252,0.004,0.002,0.054,0.975,0.055,-0.002,-0.035,0.159,0.984,0.16,0.035,-0.011,0.025,0.986,0.025,0.011,-0.01,0.019,0.986,0.019,0.011
0.005,0.101,0.985,0.103,-0.005,-0.166,-0.08,0.982,-0.08,0.167,0.15,-0.164,0.982,-0.163,-0.151,0.197,0.268,0.992,0.259,-0.196,-0.128,-0.051,0.985,-0.052,0.129,-0.018,-0.158,0.982,-0.159,0.018,0.011,0.051,0.972,0.053,-0.012,-0.037,0.133,0.985,0.134,0.037,-0.011,0.022,0.985,0.022,0.011,-0.01,0.018,0.986,0.019,0.01
0.008,0.041,0.984,0.042,-0.008,-0.27,-0.074,0.977,-0.072,0.27,0.128,-0.165,0.992,-0.163,-0.128,0.233,0.218,0.987,0.212,-0.232,-0.131,-0.022,0.986,-0.022,0.132,-0.047,-0.208,0.986,-0.208,0.047,0.044,0.262,0.973,0.263,-0.046,-0.002,-0.003,0.986,-0.003,0.002,-0.01,0.018,0.986,0.019,0.01,-0.009,0.018,0.985,0.018,0.009
-0.006,0.044,0.985,0.045,0.006,-0.183,0.044,0.984,0.044,0.184,0.228,-0.309,0.99,-0.295,-0.227,0.186,0.263,0.999,0.253,-0.184,-0.128,-0.11,0.981,-0.111,0.129,0.014,-0.193,0.988,-0.193,-0.014,0.019,0.233,0.982,0.233,-0.02,-0.009,0.002,0.985,0.002,0.009,-0.01,0.017,0.986,0.018,0.01,-0.01,0.018,0.985,0.019,0.01
0.037,0.145,0.984,0.146,-0.038,0.094,-0.299,0.975,-0.296,-0.096,0.062,0.381,0.983,0.369,-0.063,-0.022,-0.217,0.983,-0.217,0.023,-0.043,0.196,0.998,0.194,0.043,-0.009,0.016,0.985,0.017,0.009,-0.01,0.022,0.986,0.022,0.01,-0.01,0.022,0.985,0.022,0.01,-0.01,0.021,0.986,0.022,0.01,-0.01,0.022,0.986,0.022,0.01
